{
    "name": "root",
    "gauges": {
        "Shooting.Policy.Entropy.mean": {
            "value": 3.8195459842681885,
            "min": 2.4691460132598877,
            "max": 3.8624825477600098,
            "count": 10
        },
        "Shooting.Policy.Entropy.sum": {
            "value": 38271.8515625,
            "min": 26024.798828125,
            "max": 38779.32421875,
            "count": 10
        },
        "Shooting.Environment.EpisodeLength.mean": {
            "value": 175.66666666666666,
            "min": 35.966037735849056,
            "max": 176.38888888888889,
            "count": 10
        },
        "Shooting.Environment.EpisodeLength.sum": {
            "value": 10540.0,
            "min": 8489.0,
            "max": 11106.0,
            "count": 10
        },
        "Shooting.Step.mean": {
            "value": 99963.0,
            "min": 9988.0,
            "max": 99963.0,
            "count": 10
        },
        "Shooting.Step.sum": {
            "value": 99963.0,
            "min": 9988.0,
            "max": 99963.0,
            "count": 10
        },
        "Shooting.Policy.ExtrinsicValueEstimate.mean": {
            "value": -0.4514809548854828,
            "min": -0.7749564051628113,
            "max": -0.4110275208950043,
            "count": 10
        },
        "Shooting.Policy.ExtrinsicValueEstimate.sum": {
            "value": -82.62101745605469,
            "min": -237.13665771484375,
            "max": -74.39598083496094,
            "count": 10
        },
        "Shooting.Policy.CuriosityValueEstimate.mean": {
            "value": 1.0329757928848267,
            "min": 0.621687114238739,
            "max": 2.8932132720947266,
            "count": 10
        },
        "Shooting.Policy.CuriosityValueEstimate.sum": {
            "value": 189.03456115722656,
            "min": 133.04104614257812,
            "max": 885.3232421875,
            "count": 10
        },
        "Shooting.Environment.CumulativeReward.mean": {
            "value": -1.0,
            "min": -1.0,
            "max": -0.9021276595427635,
            "count": 10
        },
        "Shooting.Environment.CumulativeReward.sum": {
            "value": -59.0,
            "min": -262.6000000536442,
            "max": -54.0,
            "count": 10
        },
        "Shooting.Policy.ExtrinsicReward.mean": {
            "value": -1.0,
            "min": -1.0,
            "max": -0.9021276595427635,
            "count": 10
        },
        "Shooting.Policy.ExtrinsicReward.sum": {
            "value": -59.0,
            "min": -262.6000000536442,
            "max": -54.0,
            "count": 10
        },
        "Shooting.Policy.CuriosityReward.mean": {
            "value": 1.7128715684353295,
            "min": 0.5562070852035985,
            "max": 1.9436057110627492,
            "count": 10
        },
        "Shooting.Policy.CuriosityReward.sum": {
            "value": 101.05942253768444,
            "min": 72.21157466620207,
            "max": 323.32308503985405,
            "count": 10
        },
        "Shooting.Losses.PolicyLoss.mean": {
            "value": 0.2497735837449962,
            "min": 0.24227930611327775,
            "max": 0.2500058731169829,
            "count": 10
        },
        "Shooting.Losses.PolicyLoss.sum": {
            "value": 18.48324519712972,
            "min": 17.498165501491272,
            "max": 19.500458103124668,
            "count": 10
        },
        "Shooting.Losses.ValueLoss.mean": {
            "value": 0.02316339121675556,
            "min": 0.011096626310052093,
            "max": 0.048147689061889515,
            "count": 10
        },
        "Shooting.Losses.ValueLoss.sum": {
            "value": 1.7140909500399115,
            "min": 0.832246973253907,
            "max": 3.755519746827382,
            "count": 10
        },
        "Shooting.Policy.LearningRate.mean": {
            "value": 1.493377069778378e-05,
            "min": 1.493377069778378e-05,
            "max": 0.0002844106590426025,
            "count": 10
        },
        "Shooting.Policy.LearningRate.sum": {
            "value": 0.0011050990316359998,
            "min": 0.0011050990316359998,
            "max": 0.022184031405322997,
            "count": 10
        },
        "Shooting.Policy.Epsilon.mean": {
            "value": 0.10497789189189188,
            "min": 0.10497789189189188,
            "max": 0.1948035512820513,
            "count": 10
        },
        "Shooting.Policy.Epsilon.sum": {
            "value": 7.768363999999999,
            "min": 7.768363999999999,
            "max": 15.194677,
            "count": 10
        },
        "Shooting.Policy.Beta.mean": {
            "value": 0.0005000000000000001,
            "min": 0.0005,
            "max": 0.0005000000000000001,
            "count": 10
        },
        "Shooting.Policy.Beta.sum": {
            "value": 0.037000000000000005,
            "min": 0.036000000000000004,
            "max": 0.03950000000000001,
            "count": 10
        },
        "Shooting.Losses.CuriosityForwardLoss.mean": {
            "value": 0.21316744116850325,
            "min": 0.14984283585641378,
            "max": 1.1688496437624554,
            "count": 10
        },
        "Shooting.Losses.CuriosityForwardLoss.sum": {
            "value": 15.774390646469241,
            "min": 11.238212689231034,
            "max": 91.17027221347152,
            "count": 10
        },
        "Shooting.Losses.CuriosityInverseLoss.mean": {
            "value": 2.1512992364970858,
            "min": 1.9173826675131467,
            "max": 3.171706560304267,
            "count": 10
        },
        "Shooting.Losses.CuriosityInverseLoss.sum": {
            "value": 159.19614350078433,
            "min": 147.6384653985123,
            "max": 247.3931117037328,
            "count": 10
        },
        "Shooting.IsTraining.mean": {
            "value": 1.0,
            "min": 1.0,
            "max": 1.0,
            "count": 10
        },
        "Shooting.IsTraining.sum": {
            "value": 1.0,
            "min": 1.0,
            "max": 1.0,
            "count": 10
        }
    },
    "metadata": {
        "timer_format_version": "0.1.0",
        "start_time_seconds": "1680958656",
        "python_version": "3.7.0 (v3.7.0:1bf9cc5093, Jun 27 2018, 04:59:51) [MSC v.1914 64 bit (AMD64)]",
        "command_line_arguments": "D:\\University\\Honours\\Testing\\MLAgents Testing2\\venv\\Scripts\\mlagents-learn config/Shooting.yaml --initialize-from=FreshStart2 --run-id=newKbmShooting_Walls1",
        "mlagents_version": "0.28.0",
        "mlagents_envs_version": "0.28.0",
        "communication_protocol_version": "1.5.0",
        "pytorch_version": "1.7.1+cu110",
        "numpy_version": "1.21.6",
        "end_time_seconds": "1680959215"
    },
    "total": 559.3785975,
    "count": 1,
    "self": 0.00744499999996151,
    "children": {
        "run_training.setup": {
            "total": 0.06244610000000006,
            "count": 1,
            "self": 0.06244610000000006
        },
        "TrainerController.start_learning": {
            "total": 559.3087064,
            "count": 1,
            "self": 0.09473730000092928,
            "children": {
                "TrainerController._reset_env": {
                    "total": 3.4441471999999997,
                    "count": 1,
                    "self": 3.4441471999999997
                },
                "TrainerController.advance": {
                    "total": 555.6719868999991,
                    "count": 6017,
                    "self": 0.0822621999960802,
                    "children": {
                        "env_step": {
                            "total": 72.56390160000225,
                            "count": 6017,
                            "self": 57.68991750000469,