{
    "name": "root",
    "gauges": {
        "MoveWithSensor.Policy.Entropy.mean": {
            "value": 1.1811118125915527,
            "min": 1.1811118125915527,
            "max": 1.4117408990859985,
            "count": 6
        },
        "MoveWithSensor.Policy.Entropy.sum": {
            "value": 11834.740234375,
            "min": 11834.740234375,
            "max": 14907.9833984375,
            "count": 6
        },
        "MoveWithSensor.Step.mean": {
            "value": 59988.0,
            "min": 9948.0,
            "max": 59988.0,
            "count": 6
        },
        "MoveWithSensor.Step.sum": {
            "value": 59988.0,
            "min": 9948.0,
            "max": 59988.0,
            "count": 6
        },
        "MoveWithSensor.Policy.ExtrinsicValueEstimate.mean": {
            "value": 0.9101054668426514,
            "min": 0.4004335403442383,
            "max": 0.9101054668426514,
            "count": 6
        },
        "MoveWithSensor.Policy.ExtrinsicValueEstimate.sum": {
            "value": 455.052734375,
            "min": 69.6754379272461,
            "max": 455.052734375,
            "count": 6
        },
        "MoveWithSensor.Losses.PolicyLoss.mean": {
            "value": 0.24335530702004482,
            "min": 0.2365022656167853,
            "max": 0.2502092415476847,
            "count": 6
        },
        "MoveWithSensor.Losses.PolicyLoss.sum": {
            "value": 19.955135175643676,
            "min": 7.005858763335172,
            "max": 20.9014854207044,
            "count": 6
        },
        "MoveWithSensor.Losses.ValueLoss.mean": {
            "value": 1.1994518757189714e-05,
            "min": 1.1994518757189714e-05,
            "max": 0.0054582001961384205,
            "count": 6
        },
        "MoveWithSensor.Losses.ValueLoss.sum": {
            "value": 0.0009835505380895566,
            "min": 0.0009835505380895566,
            "max": 0.16928946896966326,
            "count": 6
        },
        "MoveWithSensor.Policy.LearningRate.mean": {
            "value": 0.00026703737196315605,
            "min": 0.00026703737196315605,
            "max": 0.0002957192585697714,
            "count": 6
        },
        "MoveWithSensor.Policy.LearningRate.sum": {
            "value": 0.021897064500978797,
            "min": 0.0082801392399536,
            "max": 0.0247981096339636,
            "count": 6
        },
        "MoveWithSensor.Policy.Epsilon.mean": {
            "value": 0.18901245365853658,
            "min": 0.18901245365853658,
            "max": 0.19857308571428572,
            "count": 6
        },
        "MoveWithSensor.Policy.Epsilon.sum": {
            "value": 15.4990212,
            "min": 5.5600464,
            "max": 16.966036400000007,
            "count": 6
        },
        "MoveWithSensor.Policy.Beta.mean": {
            "value": 0.0005000000000000001,
            "min": 0.0005000000000000001,
            "max": 0.0005000000000000001,
            "count": 6
        },
        "MoveWithSensor.Policy.Beta.sum": {
            "value": 0.04100000000000001,
            "min": 0.014000000000000002,
            "max": 0.04350000000000001,
            "count": 6
        },
        "MoveWithSensor.Environment.EpisodeLength.mean": {
            "value": 19.015968063872254,
            "min": 19.015968063872254,
            "max": 248.66666666666666,
            "count": 6
        },
        "MoveWithSensor.Environment.EpisodeLength.sum": {
            "value": 9527.0,
            "min": 8952.0,
            "max": 10780.0,
            "count": 6
        },
        "MoveWithSensor.Environment.CumulativeReward.mean": {
            "value": 1.0,
            "min": 0.8055555555555556,
            "max": 1.0,
            "count": 6
        },
        "MoveWithSensor.Environment.CumulativeReward.sum": {
            "value": 500.0,
            "min": 29.0,
            "max": 500.0,
            "count": 6
        },
        "MoveWithSensor.Policy.ExtrinsicReward.mean": {
            "value": 1.0,
            "min": 0.8055555555555556,
            "max": 1.0,
            "count": 6
        },
        "MoveWithSensor.Policy.ExtrinsicReward.sum": {
            "value": 500.0,
            "min": 29.0,
            "max": 500.0,
            "count": 6
        },
        "MoveWithSensor.IsTraining.mean": {
            "value": 1.0,
            "min": 1.0,
            "max": 1.0,
            "count": 6
        },
        "MoveWithSensor.IsTraining.sum": {
            "value": 1.0,
            "min": 1.0,
            "max": 1.0,
            "count": 6
        }
    },
    "metadata": {
        "timer_format_version": "0.1.0",
        "start_time_seconds": "1676213115",
        "python_version": "3.7.0 (v3.7.0:1bf9cc5093, Jun 27 2018, 04:59:51) [MSC v.1914 64 bit (AMD64)]",
        "command_line_arguments": "D:\\University\\Honours\\Testing\\MLAgents Testing2\\venv\\Scripts\\mlagents-learn config/moveWithSensor.yaml --run-id=startMovePercep",
        "mlagents_version": "0.28.0",
        "mlagents_envs_version": "0.28.0",
        "communication_protocol_version": "1.5.0",
        "pytorch_version": "1.7.1+cu110",
        "numpy_version": "1.21.6",
        "end_time_seconds": "1676213313"
    },
    "total": 198.5251182,
    "count": 1,
    "self": 0.005423699999994369,
    "children": {
        "run_training.setup": {
            "total": 0.06213840000000004,
            "count": 1,
            "self": 0.06213840000000004
        },
        "TrainerController.start_learning": {
            "total": 198.4575561,
            "count": 1,
            "self": 0.06832120000021291,
            "children": {
                "TrainerController._reset_env": {
                    "total": 13.047666999999999,
                    "count": 1,
                    "self": 13.047666999999999
                },
                "TrainerController.advance": {
                    "total": 185.2834279999998,
                    "count": 4833,
                    "self": 0.061942999999672566,
                    "children": {
                        "env_step": {
                            "total": 85.59814470000016,
                            "count": 4833,
                            "self": 80.8534177999999,
                            "children": {
                                "SubprocessEnvManager._take_step": {
                                    "total": 4.706827299999929,
                                    "count": 4833,
                                    "self": 0.15679930000007225,
                                    "children": {
                                        "TorchPolicy.evaluate": {
                                            "total": 4.550027999999857,
                                            "count": 3077,
                                            "self": 2.531756399999953,
                                            "children": {
                                                "TorchPolicy.sample_actions": {
                                                    "total": 2.0182715999999044,
                                                    "count": 3077,
                                                    "self": 2.0182715999999044
                                                }
                                            }
                                        }
                                    }
                                },
                                "workers": {
                                    "total": 0.037899600000322664,
                                    "count": 4832,
                                    "self": 0.0,
                                    "children": {
                                        "worker_root": {
                                            "total": 124.94491239999995,
                                            "count": 4832,
                                            "is_parallel": true,