{
    "name": "root",
    "gauges": {
        "Shooting.Policy.Entropy.mean": {
            "value": 1.763765811920166,
            "min": 1.7004834413528442,
            "max": 1.7877271175384521,
            "count": 6
        },
        "Shooting.Policy.Entropy.sum": {
            "value": 17602.3828125,
            "min": 16970.82421875,
            "max": 18039.5,
            "count": 6
        },
        "Shooting.Environment.EpisodeLength.mean": {
            "value": 9.009018036072144,
            "min": 8.97910447761194,
            "max": 9.021,
            "count": 6
        },
        "Shooting.Environment.EpisodeLength.sum": {
            "value": 8991.0,
            "min": 8980.0,
            "max": 9024.0,
            "count": 6
        },
        "Shooting.Step.mean": {
            "value": 59998.0,
            "min": 9999.0,
            "max": 59998.0,
            "count": 6
        },
        "Shooting.Step.sum": {
            "value": 59998.0,
            "min": 9999.0,
            "max": 59998.0,
            "count": 6
        },
        "Shooting.Policy.ExtrinsicValueEstimate.mean": {
            "value": 0.9551899433135986,
            "min": 0.9240772724151611,
            "max": 0.9577913880348206,
            "count": 6
        },
        "Shooting.Policy.ExtrinsicValueEstimate.sum": {
            "value": 954.2347412109375,
            "min": 925.9254150390625,
            "max": 956.1295776367188,
            "count": 6
        },
        "Shooting.Policy.CuriosityValueEstimate.mean": {
            "value": -0.38772809505462646,
            "min": -0.38772809505462646,
            "max": -0.3664003610610962,
            "count": 6
        },
        "Shooting.Policy.CuriosityValueEstimate.sum": {
            "value": -387.3403625488281,
            "min": -387.3403625488281,
            "max": -366.0339660644531,
            "count": 6
        },
        "Shooting.Environment.CumulativeReward.mean": {
            "value": 1.0,
            "min": 1.0,
            "max": 1.0,
            "count": 6
        },
        "Shooting.Environment.CumulativeReward.sum": {
            "value": 999.0,
            "min": 998.0,
            "max": 1002.0,
            "count": 6
        },
        "Shooting.Policy.ExtrinsicReward.mean": {
            "value": 1.0,
            "min": 1.0,
            "max": 1.0,
            "count": 6
        },
        "Shooting.Policy.ExtrinsicReward.sum": {
            "value": 999.0,
            "min": 998.0,
            "max": 1002.0,
            "count": 6
        },
        "Shooting.Policy.CuriosityReward.mean": {
            "value": 0.004523030304404962,
            "min": 0.004523030304404962,
            "max": 0.01762364793405264,
            "count": 6
        },
        "Shooting.Policy.CuriosityReward.sum": {
            "value": 4.518507274100557,
            "min": 4.518507274100557,
            "max": 17.658895229920745,
            "count": 6
        },
        "Shooting.Losses.PolicyLoss.mean": {
            "value": 0.24415300301179615,
            "min": 0.23910000995287745,
            "max": 0.24825345231668802,
            "count": 6
        },
        "Shooting.Losses.PolicyLoss.sum": {
            "value": 20.508852252990877,
            "min": 20.084400836041706,
            "max": 21.20984017988958,
            "count": 6
        },
        "Shooting.Losses.ValueLoss.mean": {
            "value": 2.379819133793396e-05,
            "min": 2.379819133793396e-05,
            "max": 0.0009811299452167379,
            "count": 6
        },
        "Shooting.Losses.ValueLoss.sum": {
            "value": 0.0019990480723864525,
            "min": 0.0019990480723864525,
            "max": 0.08437717528863946,
            "count": 6
        },
        "Shooting.Policy.LearningRate.mean": {
            "value": 0.0001350480192697262,
            "min": 0.0001350480192697262,
            "max": 0.00028466456325134884,
            "count": 6
        },
        "Shooting.Policy.LearningRate.sum": {
            "value": 0.011344033618657,
            "min": 0.011344033618657,
            "max": 0.024481152439616002,
            "count": 6
        },
        "Shooting.Policy.Epsilon.mean": {
            "value": 0.1450159880952381,
            "min": 0.1450159880952381,
            "max": 0.19488818604651165,
            "count": 6
        },
        "Shooting.Policy.Epsilon.sum": {
            "value": 12.181343000000002,
            "min": 12.181343000000002,
            "max": 16.760384000000002,
            "count": 6
        },
        "Shooting.Policy.Beta.mean": {
            "value": 0.0005000000000000001,
            "min": 0.0005000000000000001,
            "max": 0.0005000000000000001,
            "count": 6
        },
        "Shooting.Policy.Beta.sum": {
            "value": 0.04200000000000001,
            "min": 0.04150000000000001,
            "max": 0.04300000000000001,
            "count": 6
        },
        "Shooting.Losses.CuriosityForwardLoss.mean": {
            "value": 0.009402836677504266,
            "min": 0.009402836677504266,
            "max": 0.06035790840995038,
            "count": 6
        },
        "Shooting.Losses.CuriosityForwardLoss.sum": {
            "value": 0.7898382809103583,
            "min": 0.7898382809103583,
            "max": 5.190780123255733,
            "count": 6
        },
        "Shooting.Losses.CuriosityInverseLoss.mean": {
            "value": 3.7423813346554637,
            "min": 3.4821513188121718,
            "max": 3.7423813346554637,
            "count": 6
        },
        "Shooting.Losses.CuriosityInverseLoss.sum": {
            "value": 314.36003211105896,
            "min": 299.46501341784676,
            "max": 316.5931183959956,
            "count": 6
        },
        "Shooting.IsTraining.mean": {
            "value": 1.0,
            "min": 1.0,
            "max": 1.0,
            "count": 6
        },
        "Shooting.IsTraining.sum": {
            "value": 1.0,
            "min": 1.0,
            "max": 1.0,
            "count": 6
        }
    },
    "metadata": {
        "timer_format_version": "0.1.0",
        "start_time_seconds": "1682328628",
        "python_version": "3.7.0 (v3.7.0:1bf9cc5093, Jun 27 2018, 04:59:51) [MSC v.1914 64 bit (AMD64)]",
        "command_line_arguments": "D:\\University\\Honours\\Testing\\MLAgents Testing2\\venv\\Scripts\\mlagents-learn config/Shooting.yaml --run-id=ConShoot_Start",
        "mlagents_version": "0.28.0",
        "mlagents_envs_version": "0.28.0",
        "communication_protocol_version": "1.5.0",
        "pytorch_version": "1.7.1+cu110",
        "numpy_version": "1.21.6",
        "end_time_seconds": "1682329013"
    },
    "total": 385.3518294,
    "count": 1,
    "self": 0.004500899999982266,
    "children": {
        "run_training.setup": {
            "total": 0.1065706999999998,
            "count": 1,
            "self": 0.1065706999999998
        },
        "TrainerController.start_learning": {
            "total": 385.2407578,
            "count": 1,
            "self": 0.10448200000109864,
            "children": {
                "TrainerController._reset_env": {
                    "total": 5.6305585,
                    "count": 1,
                    "self": 5.6305585
                },
                "TrainerController.advance": {
                    "total": 379.3760090999989,
                    "count": 6582,
                    "self": 0.08740489999979673,
                    "children": {
                        "env_step": {
                            "total": 59.017661800000376,
                            "count": 6582,
                            "self": 49.49839179999971,
                            "children": {
                                "SubprocessEnvManager._take_step": {
                                    "total": 9.465787600001741,
                                    "count": 6582,