{
    "name": "root",
    "gauges": {
        "Movement.Policy.Entropy.mean": {
            "value": 0.7751480340957642,
            "min": 0.7751480340957642,
            "max": 1.5555288791656494,
            "count": 20
        },
        "Movement.Policy.Entropy.sum": {
            "value": 3906.74609375,
            "min": 3906.74609375,
            "max": 7902.0869140625,
            "count": 20
        },
        "Movement.Step.mean": {
            "value": 99965.0,
            "min": 4982.0,
            "max": 99965.0,
            "count": 20
        },
        "Movement.Step.sum": {
            "value": 99965.0,
            "min": 4982.0,
            "max": 99965.0,
            "count": 20
        },
        "Movement.Policy.ExtrinsicValueEstimate.mean": {
            "value": 1.1059328317642212,
            "min": 0.10623250901699066,
            "max": 1.1059328317642212,
            "count": 20
        },
        "Movement.Policy.ExtrinsicValueEstimate.sum": {
            "value": 103.95768737792969,
            "min": 9.560925483703613,
            "max": 103.95768737792969,
            "count": 20
        },
        "Movement.Policy.CuriosityValueEstimate.mean": {
            "value": 12.642789840698242,
            "min": 0.5171531438827515,
            "max": 12.642789840698242,
            "count": 20
        },
        "Movement.Policy.CuriosityValueEstimate.sum": {
            "value": 1188.4222412109375,
            "min": 46.54378128051758,
            "max": 1188.4222412109375,
            "count": 20
        },
        "Movement.Losses.PolicyLoss.mean": {
            "value": 0.23935626341989483,
            "min": 0.23264776089867942,
            "max": 0.25081189754959304,
            "count": 20
        },
        "Movement.Losses.PolicyLoss.sum": {
            "value": 8.856181746536109,
            "min": 4.869242258394247,
            "max": 10.032475901983721,
            "count": 20
        },
        "Movement.Losses.ValueLoss.mean": {
            "value": 2.3303333171240603,
            "min": 0.028931711185051365,
            "max": 2.3303333171240603,
            "count": 20
        },
        "Movement.Losses.ValueLoss.sum": {
            "value": 86.22233273359024,
            "min": 0.8968830467365924,
            "max": 86.22233273359024,
            "count": 20
        },
        "Movement.Policy.LearningRate.mean": {
            "value": 7.364935382891891e-06,
            "min": 7.364935382891891e-06,
            "max": 0.000290001003333,
            "count": 20
        },
        "Movement.Policy.LearningRate.sum": {
            "value": 0.000272502609167,
            "min": 0.000272502609167,
            "max": 0.009404049665316999,
            "count": 20
        },
        "Movement.Policy.Epsilon.mean": {
            "value": 0.10245494594594594,
            "min": 0.10245494594594594,
            "max": 0.19666700000000004,
            "count": 20
        },
        "Movement.Policy.Epsilon.sum": {
            "value": 3.7908329999999997,
            "min": 3.7908329999999997,
            "max": 6.934683,
            "count": 20
        },
        "Movement.Policy.Beta.mean": {
            "value": 0.0005000000000000001,
            "min": 0.0005,
            "max": 0.0005000000000000001,
            "count": 20
        },
        "Movement.Policy.Beta.sum": {
            "value": 0.018500000000000003,
            "min": 0.010000000000000002,
            "max": 0.020000000000000004,
            "count": 20
        },
        "Movement.Losses.CuriosityForwardLoss.mean": {
            "value": 0.12677105722031534,
            "min": 0.12238047488202118,
            "max": 0.2192034412600941,
            "count": 20
        },
        "Movement.Losses.CuriosityForwardLoss.sum": {
            "value": 4.690529117151668,
            "min": 4.384068825201882,
            "max": 8.10133526978503,
            "count": 20
        },
        "Movement.Losses.CuriosityInverseLoss.mean": {
            "value": 0.16709779425470678,
            "min": 0.16709779425470678,
            "max": 0.4013055410854213,
            "count": 20
        },
        "Movement.Losses.CuriosityInverseLoss.sum": {
            "value": 6.182618387424151,
            "min": 6.182618387424151,
            "max": 13.243082855818903,
            "count": 20
        },
        "Movement.Environment.EpisodeLength.mean": {
            "value": 127.1025641025641,
            "min": 125.5,
            "max": 251.52941176470588,
            "count": 20
        },
        "Movement.Environment.EpisodeLength.sum": {
            "value": 4957.0,
            "min": 2723.0,
            "max": 5960.0,
            "count": 20
        },
        "Movement.Environment.CumulativeReward.mean": {
            "value": 1.7978157604995526,
            "min": -0.05075002803156773,
            "max": 1.8687646908356863,
            "count": 20
        },
        "Movement.Environment.CumulativeReward.sum": {
            "value": 68.316998898983,
            "min": -1.2180006727576256,
            "max": 68.316998898983,
            "count": 20
        },
        "Movement.Policy.ExtrinsicReward.mean": {
            "value": 1.7978157604995526,
            "min": -0.05075002803156773,
            "max": 1.8687646908356863,
            "count": 20
        },
        "Movement.Policy.ExtrinsicReward.sum": {
            "value": 68.316998898983,
            "min": -1.2180006727576256,
            "max": 68.316998898983,
            "count": 20
        },
        "Movement.Policy.CuriosityReward.mean": {
            "value": 0.37095190160050007,
            "min": 0.37095190160050007,
            "max": 1.2306257868733477,
            "count": 20
        },
        "Movement.Policy.CuriosityReward.sum": {
            "value": 14.096172260819003,
            "min": 12.025179433636367,
            "max": 29.374793879687786,
            "count": 20
        },
        "Movement.IsTraining.mean": {
            "value": 1.0,
            "min": 1.0,
            "max": 1.0,
            "count": 20
        },
        "Movement.IsTraining.sum": {
            "value": 1.0,
            "min": 1.0,
            "max": 1.0,
            "count": 20
        }
    },
    "metadata": {
        "timer_format_version": "0.1.0",
        "start_time_seconds": "1683662661",
        "python_version": "3.7.0 (v3.7.0:1bf9cc5093, Jun 27 2018, 04:59:51) [MSC v.1914 64 bit (AMD64)]",
        "command_line_arguments": "D:\\University\\Honours\\Testing\\MLAgents Testing2\\venv\\Scripts\\mlagents-learn config/Movement.yaml --initialize-from=KbmMove_Walls2 --run-id=KbmMove_Walls3",
        "mlagents_version": "0.28.0",
        "mlagents_envs_version": "0.28.0",
        "communication_protocol_version": "1.5.0",
        "pytorch_version": "1.7.1+cu110",
        "numpy_version": "1.21.6",
        "end_time_seconds": "1683663072"
    },
    "total": 410.6104087,
    "count": 1,
    "self": 0.005942699999991419,
    "children": {
        "run_training.setup": {
            "total": 0.06482849999999996,
            "count": 1,
            "self": 0.06482849999999996
        },
        "TrainerController.start_learning": {
            "total": 410.5396375,
            "count": 1,
            "self": 0.08088980000047741,
            "children": {
                "TrainerController._reset_env": {
                    "total": 6.5788088,
                    "count": 1,
                    "self": 6.5788088
                },
                "TrainerController.advance": {
                    "total": 403.81574359999956,
                    "count": 5247,
                    "self": 0.07565630000209467,
                    "children": {
                        "env_step": {
                            "total": 46.69897799999895,
                            "count": 5247,
                            "self": 37.74663039999899,