{
    "name": "root",
    "gauges": {
        "Shooting.Policy.Entropy.mean": {
            "value": 3.131140947341919,
            "min": 3.131140947341919,
            "max": 3.4802768230438232,
            "count": 10
        },
        "Shooting.Policy.Entropy.sum": {
            "value": 31248.787109375,
            "min": 31248.787109375,
            "max": 35430.16015625,
            "count": 10
        },
        "Shooting.Step.mean": {
            "value": 99996.0,
            "min": 9941.0,
            "max": 99996.0,
            "count": 10
        },
        "Shooting.Step.sum": {
            "value": 99996.0,
            "min": 9941.0,
            "max": 99996.0,
            "count": 10
        },
        "Shooting.Policy.ExtrinsicValueEstimate.mean": {
            "value": -0.4317869246006012,
            "min": -0.7379521131515503,
            "max": -0.21407601237297058,
            "count": 10
        },
        "Shooting.Policy.ExtrinsicValueEstimate.sum": {
            "value": -82.90309143066406,
            "min": -157.9217529296875,
            "max": -37.46330261230469,
            "count": 10
        },
        "Shooting.Policy.CuriosityValueEstimate.mean": {
            "value": 1.2469958066940308,
            "min": 1.1250392198562622,
            "max": 1.5208982229232788,
            "count": 10
        },
        "Shooting.Policy.CuriosityValueEstimate.sum": {
            "value": 239.42318725585938,
            "min": 207.7498779296875,
            "max": 325.47222900390625,
            "count": 10
        },
        "Shooting.Losses.PolicyLoss.mean": {
            "value": 0.25159620610947825,
            "min": 0.2397986199216608,
            "max": 0.25159620610947825,
            "count": 10
        },
        "Shooting.Losses.PolicyLoss.sum": {
            "value": 17.863330633772957,
            "min": 13.620584041683745,
            "max": 18.690134743863176,
            "count": 10
        },
        "Shooting.Losses.ValueLoss.mean": {
            "value": 0.07418250576234521,
            "min": 0.013064645721929526,
            "max": 0.07418250576234521,
            "count": 10
        },
        "Shooting.Losses.ValueLoss.sum": {
            "value": 5.26695790912651,
            "min": 0.9667837834227849,
            "max": 5.26695790912651,
            "count": 10
        },
        "Shooting.Policy.LearningRate.mean": {
            "value": 1.5032756960943662e-05,
            "min": 1.5032756960943662e-05,
            "max": 0.0002812628789729818,
            "count": 10
        },
        "Shooting.Policy.LearningRate.sum": {
            "value": 0.001067325744227,
            "min": 0.001067325744227,
            "max": 0.018365053078316,
            "count": 10
        },
        "Shooting.Policy.Epsilon.mean": {
            "value": 0.10501088732394367,
            "min": 0.10501088732394367,
            "max": 0.19375429090909096,
            "count": 10
        },
        "Shooting.Policy.Epsilon.sum": {
            "value": 7.455773000000001,
            "min": 7.455773000000001,
            "max": 13.321684000000001,
            "count": 10
        },
        "Shooting.Policy.Beta.mean": {
            "value": 0.0005,
            "min": 0.0005,
            "max": 0.0005000000000000001,
            "count": 10
        },
        "Shooting.Policy.Beta.sum": {
            "value": 0.035500000000000004,
            "min": 0.027500000000000004,
            "max": 0.038000000000000006,
            "count": 10
        },
        "Shooting.Losses.CuriosityForwardLoss.mean": {
            "value": 0.17024859770291065,
            "min": 0.14628804665883124,
            "max": 0.2630679188252641,
            "count": 10
        },
        "Shooting.Losses.CuriosityForwardLoss.sum": {
            "value": 12.087650436906657,
            "min": 10.825315452753513,
            "max": 19.467025993069544,
            "count": 10
        },
        "Shooting.Losses.CuriosityInverseLoss.mean": {
            "value": 1.4035032361568458,
            "min": 1.4035032361568458,
            "max": 1.8981356810788317,
            "count": 10
        },
        "Shooting.Losses.CuriosityInverseLoss.sum": {
            "value": 99.64872976713605,
            "min": 96.88789363736699,
            "max": 136.6657690376759,
            "count": 10
        },
        "Shooting.Environment.EpisodeLength.mean": {
            "value": 139.84415584415584,
            "min": 78.9453125,
            "max": 241.6326530612245,
            "count": 10
        },
        "Shooting.Environment.EpisodeLength.sum": {
            "value": 10768.0,
            "min": 7594.0,
            "max": 11840.0,
            "count": 10
        },
        "Shooting.Environment.CumulativeReward.mean": {
            "value": -0.9038961312987588,
            "min": -1.5961538725174391,
            "max": -0.4000000080892018,
            "count": 10
        },
        "Shooting.Environment.CumulativeReward.sum": {
            "value": -69.60000211000443,
            "min": -130.20000030100346,
            "max": -14.000000283122063,
            "count": 10
        },
        "Shooting.Policy.ExtrinsicReward.mean": {
            "value": -0.9038961312987588,
            "min": -1.5961538725174391,
            "max": -0.4000000080892018,
            "count": 10
        },
        "Shooting.Policy.ExtrinsicReward.sum": {
            "value": -69.60000211000443,
            "min": -130.20000030100346,
            "max": -14.000000283122063,
            "count": 10
        },
        "Shooting.Policy.CuriosityReward.mean": {
            "value": 1.5123496070117146,
            "min": 1.1141765003558248,
            "max": 2.633658708206245,
            "count": 10
        },
        "Shooting.Policy.CuriosityReward.sum": {
            "value": 116.45091973990202,
            "min": 74.45468482375145,
            "max": 167.91704969108105,
            "count": 10
        },
        "Shooting.IsTraining.mean": {
            "value": 1.0,
            "min": 1.0,
            "max": 1.0,
            "count": 10
        },
        "Shooting.IsTraining.sum": {
            "value": 1.0,
            "min": 1.0,
            "max": 1.0,
            "count": 10
        }
    },
    "metadata": {
        "timer_format_version": "0.1.0",
        "start_time_seconds": "1683032711",
        "python_version": "3.7.0 (v3.7.0:1bf9cc5093, Jun 27 2018, 04:59:51) [MSC v.1914 64 bit (AMD64)]",
        "command_line_arguments": "D:\\University\\Honours\\Testing\\MLAgents Testing2\\venv\\Scripts\\mlagents-learn config/Shooting.yaml --initialize-from=KbmShootRandPos_1 --run-id=KbmShootRandPos_2",
        "mlagents_version": "0.28.0",
        "mlagents_envs_version": "0.28.0",
        "communication_protocol_version": "1.5.0",
        "pytorch_version": "1.7.1+cu110",
        "numpy_version": "1.21.6",
        "end_time_seconds": "1683033247"
    },
    "total": 535.9634479,
    "count": 1,
    "self": 0.005976300000043011,
    "children": {
        "run_training.setup": {
            "total": 0.10495640000000006,
            "count": 1,
            "self": 0.10495640000000006
        },
        "TrainerController.start_learning": {
            "total": 535.8525152,
            "count": 1,
            "self": 0.08524770000246917,
            "children": {
                "TrainerController._reset_env": {
                    "total": 7.0907615,
                    "count": 1,
                    "self": 7.0907615
                },
                "TrainerController.advance": {
                    "total": 528.5844611999975,
                    "count": 5552,
                    "self": 0.0719468999984656,
                    "children": {
                        "env_step": {
                            "total": 67.20516100000108,
                            "count": 5552,
                            "self": 51.94287510000082,