{
    "name": "root",
    "metadata": {
        "timer_format_version": "0.1.0",
        "start_time_seconds": "1679416541",
        "python_version": "3.7.0 (v3.7.0:1bf9cc5093, Jun 27 2018, 04:59:51) [MSC v.1914 64 bit (AMD64)]",
        "command_line_arguments": "D:\\University\\Honours\\Testing\\MLAgents Testing2\\venv\\Scripts\\mlagents-learn --run-id=abcTest",
        "mlagents_version": "0.28.0",
        "mlagents_envs_version": "0.28.0",
        "communication_protocol_version": "1.5.0",
        "pytorch_version": "1.7.1+cu110",
        "numpy_version": "1.21.6",
        "end_time_seconds": "1679416620"
    },
    "total": 78.7625321,
    "count": 1,
    "self": 0.0071595999999942705,
    "children": {
        "run_training.setup": {
            "total": 0.059579599999999955,
            "count": 1,
            "self": 0.059579599999999955
        },
        "TrainerController.start_learning": {
            "total": 78.6957929,
            "count": 1,
            "self": 0.004043899999999212,
            "children": {
                "TrainerController._reset_env": {
                    "total": 14.8577446,
                    "count": 1,
                    "self": 14.8577446
                },
                "TrainerController.advance": {
                    "total": 63.73351610000001,
                    "count": 338,
                    "self": 0.003668100000005836,
                    "children": {
                        "env_step": {
                            "total": 63.694876299999976,
                            "count": 338,
                            "self": 62.34652529999995,
                            "children": {
                                "SubprocessEnvManager._take_step": {
                                    "total": 1.3459213000000112,
                                    "count": 338,
                                    "self": 0.013069100000045353,
                                    "children": {
                                        "TorchPolicy.evaluate": {
                                            "total": 1.3328521999999658,
                                            "count": 334,
                                            "self": 0.3477880999999776,
                                            "children": {
                                                "TorchPolicy.sample_actions": {
                                                    "total": 0.9850640999999882,
                                                    "count": 334,
                                                    "self": 0.9850640999999882
                                                }
                                            }
                                        }
                                    }
                                },
                                "workers": {
                                    "total": 0.0024297000000075286,
                                    "count": 337,
                                    "self": 0.0,
                                    "children": {
                                        "worker_root": {
                                            "total": 4.659987199999954,
                                            "count": 337,
                                            "is_parallel": true,
                                            "self": 3.487194399999936,
                                            "children": {
                                                "steps_from_proto": {
                                                    "total": 0.0031197000000009467,
                                                    "count": 1,
                                                    "is_parallel": true,
                                                    "self": 0.000123900000001953,
                                                    "children": {
                                                        "_process_rank_one_or_two_observation": {
                                                            "total": 0.0029957999999989937,
                                                            "count": 2,
                                                            "is_parallel": true,
                                                            "self": 0.0029957999999989937
                                                        }
                                                    }
                                                },
                                                "UnityEnvironment.step": {
                                                    "total": 1.1696731000000167,
                                                    "count": 337,
                                                    "is_parallel": true,
                                                    "self": 0.014397100000060448,
                                                    "children": {
                                                        "UnityEnvironment._generate_step_input": {
                                                            "total": 0.011654200000020154,
                                                            "count": 337,
                                                            "is_parallel": true,
                                                            "self": 0.011654200000020154
                                                        },
                                                        "communicator.exchange": {
                                                            "total": 1.1052419999999596,
                                                            "count": 337,
                                                            "is_parallel": true,
                                                            "self": 1.1052419999999596
                                                        },
                                                        "steps_from_proto": {
                                                            "total": 0.03837979999997643,
                                                            "count": 337,
                                                            "is_parallel": true,
                                                            "self": 0.020410799999972085,
                                                            "children": {
                                                                "_process_rank_one_or_two_observation": {
                                                                    "total": 0.017969000000004343,
                                                                    "count": 674,
                                                                    "is_parallel": true,
                                                                    "self": 0.017969000000004343
                                                                }
                                                            }
                                                        }
                                                    }
                                                }
                                            }
                                        }
                                    }
                                }
                            }
                        },
                        "trainer_advance": {
                            "total": 0.0349717000000247,
                            "count": 337,
                            "self": 0.004517600000010447,
                            "children": {
                                "process_trajectory": {
                                    "total": 0.03045410000001425,
                                    "count": 337,
                                    "self": 0.03045410000001425
                                }
                            }
                        }
                    }
                },