{
    "name": "root",
    "gauges": {
        "Shooting.Policy.Entropy.mean": {
            "value": 3.572967052459717,
            "min": 3.3407785892486572,
            "max": 3.836041212081909,
            "count": 10
        },
        "Shooting.Policy.Entropy.sum": {
            "value": 35801.12890625,
            "min": 34142.7578125,
            "max": 38283.69140625,
            "count": 10
        },
        "Shooting.Step.mean": {
            "value": 99953.0,
            "min": 9978.0,
            "max": 99953.0,
            "count": 10
        },
        "Shooting.Step.sum": {
            "value": 99953.0,
            "min": 9978.0,
            "max": 99953.0,
            "count": 10
        },
        "Shooting.Policy.ExtrinsicValueEstimate.mean": {
            "value": 0.2180585265159607,
            "min": -0.4930957555770874,
            "max": 0.2180585265159607,
            "count": 10
        },
        "Shooting.Policy.ExtrinsicValueEstimate.sum": {
            "value": 39.68665313720703,
            "min": -94.18128967285156,
            "max": 39.68665313720703,
            "count": 10
        },
        "Shooting.Policy.CuriosityValueEstimate.mean": {
            "value": 0.9659689664840698,
            "min": 0.5826420783996582,
            "max": 2.250800371170044,
            "count": 10
        },
        "Shooting.Policy.CuriosityValueEstimate.sum": {
            "value": 175.8063507080078,
            "min": 93.80537414550781,
            "max": 434.40447998046875,
            "count": 10
        },
        "Shooting.Losses.PolicyLoss.mean": {
            "value": 0.24899828794758896,
            "min": 0.24056420126858924,
            "max": 0.2491111169927303,
            "count": 10
        },
        "Shooting.Losses.PolicyLoss.sum": {
            "value": 17.678878444278816,
            "min": 9.70322970101231,
            "max": 18.683333774454773,
            "count": 10
        },
        "Shooting.Losses.ValueLoss.mean": {
            "value": 0.029243352372418346,
            "min": 0.005262739088069842,
            "max": 0.029243352372418346,
            "count": 10
        },
        "Shooting.Losses.ValueLoss.sum": {
            "value": 2.0762780184417027,
            "min": 0.38417995342909844,
            "max": 2.0762780184417027,
            "count": 10
        },
        "Shooting.Policy.LearningRate.mean": {
            "value": 1.493802459815493e-05,
            "min": 1.493802459815493e-05,
            "max": 0.0002818863906532564,
            "count": 10
        },
        "Shooting.Policy.LearningRate.sum": {
            "value": 0.001060599746469,
            "min": 0.001060599746469,
            "max": 0.017772403075865993,
            "count": 10
        },
        "Shooting.Policy.Epsilon.mean": {
            "value": 0.10497930985915493,
            "min": 0.10497930985915493,
            "max": 0.1939621282051282,
            "count": 10
        },
        "Shooting.Policy.Epsilon.sum": {
            "value": 7.453531000000001,
            "min": 7.453531000000001,
            "max": 12.952296000000002,
            "count": 10
        },
        "Shooting.Policy.Beta.mean": {
            "value": 0.0005,
            "min": 0.0005,
            "max": 0.0005000000000000001,
            "count": 10
        },
        "Shooting.Policy.Beta.sum": {
            "value": 0.035500000000000004,
            "min": 0.019500000000000003,
            "max": 0.038000000000000006,
            "count": 10
        },
        "Shooting.Losses.CuriosityForwardLoss.mean": {
            "value": 0.13777833410378693,
            "min": 0.09171720301370902,
            "max": 0.4744356931794426,
            "count": 10
        },
        "Shooting.Losses.CuriosityForwardLoss.sum": {
            "value": 9.782261721368872,
            "min": 6.092131491428729,
            "max": 33.21049852256098,
            "count": 10
        },
        "Shooting.Losses.CuriosityInverseLoss.mean": {
            "value": 1.9126593825429443,
            "min": 1.9126593825429443,
            "max": 2.801829579902103,
            "count": 10
        },
        "Shooting.Losses.CuriosityInverseLoss.sum": {
            "value": 135.79881616054905,
            "min": 109.27135361618201,
            "max": 177.08906171011705,
            "count": 10
        },
        "Shooting.Environment.EpisodeLength.mean": {
            "value": 167.64406779661016,
            "min": 115.43055555555556,
            "max": 417.5833333333333,
            "count": 10
        },
        "Shooting.Environment.EpisodeLength.sum": {
            "value": 9891.0,
            "min": 4073.0,
            "max": 15273.0,
            "count": 10
        },
        "Shooting.Environment.CumulativeReward.mean": {
            "value": 0.6610169491525424,
            "min": -0.9047619047619048,
            "max": 0.7083333333333334,
            "count": 10
        },
        "Shooting.Environment.CumulativeReward.sum": {
            "value": 39.0,
            "min": -76.0,
            "max": 39.0,
            "count": 10
        },
        "Shooting.Policy.ExtrinsicReward.mean": {
            "value": 0.6610169491525424,
            "min": -0.9047619047619048,
            "max": 0.7083333333333334,
            "count": 10
        },
        "Shooting.Policy.ExtrinsicReward.sum": {
            "value": 39.0,
            "min": -76.0,
            "max": 39.0,
            "count": 10
        },
        "Shooting.Policy.CuriosityReward.mean": {
            "value": 1.369515856001842,
            "min": 1.2425823822005155,
            "max": 2.4588023495993445,
            "count": 10
        },
        "Shooting.Policy.CuriosityReward.sum": {
            "value": 80.80143550410867,
            "min": 28.08444494009018,
            "max": 206.53939736634493,
            "count": 10
        },
        "Shooting.IsTraining.mean": {
            "value": 1.0,
            "min": 1.0,
            "max": 1.0,
            "count": 10
        },
        "Shooting.IsTraining.sum": {
            "value": 1.0,
            "min": 1.0,
            "max": 1.0,
            "count": 10
        }
    },
    "metadata": {
        "timer_format_version": "0.1.0",
        "start_time_seconds": "1682779212",
        "python_version": "3.7.0 (v3.7.0:1bf9cc5093, Jun 27 2018, 04:59:51) [MSC v.1914 64 bit (AMD64)]",
        "command_line_arguments": "D:\\University\\Honours\\Testing\\MLAgents Testing2\\venv\\Scripts\\mlagents-learn config/Shooting.yaml --initialize-from=KbmShoot_Start --run-id=KbmShoot1",
        "mlagents_version": "0.28.0",
        "mlagents_envs_version": "0.28.0",
        "communication_protocol_version": "1.5.0",
        "pytorch_version": "1.7.1+cu110",
        "numpy_version": "1.21.6",
        "end_time_seconds": "1682779990"
    },
    "total": 778.3247097,
    "count": 1,
    "self": 0.009533899999951245,
    "children": {
        "run_training.setup": {
            "total": 0.061424000000000034,
            "count": 1,
            "self": 0.061424000000000034
        },
        "TrainerController.start_learning": {
            "total": 778.2537518,
            "count": 1,
            "self": 0.08859090000407832,
            "children": {
                "TrainerController._reset_env": {
                    "total": 6.0649572,
                    "count": 1,
                    "self": 6.0649572
                },
                "TrainerController.advance": {
                    "total": 771.923621999996,
                    "count": 5406,
                    "self": 0.08142189999830407,
                    "children": {
                        "env_step": {
                            "total": 79.22615079999773,
                            "count": 5406,
                            "self": 57.800996800001606,