{
    "name": "root",
    "gauges": {
        "Shooting.Policy.Entropy.mean": {
            "value": 1.7767390012741089,
            "min": 1.6553263664245605,
            "max": 3.8731307983398438,
            "count": 20
        },
        "Shooting.Policy.Entropy.sum": {
            "value": 8670.486328125,
            "min": 8266.193359375,
            "max": 21457.14453125,
            "count": 20
        },
        "Shooting.Environment.EpisodeLength.mean": {
            "value": 11.717557251908397,
            "min": 10.048780487804878,
            "max": 108.9672131147541,
            "count": 20
        },
        "Shooting.Environment.EpisodeLength.sum": {
            "value": 4605.0,
            "min": 2089.0,
            "max": 6647.0,
            "count": 20
        },
        "Shooting.Step.mean": {
            "value": 99994.0,
            "min": 4963.0,
            "max": 99994.0,
            "count": 20
        },
        "Shooting.Step.sum": {
            "value": 99994.0,
            "min": 4963.0,
            "max": 99994.0,
            "count": 20
        },
        "Shooting.Policy.ExtrinsicValueEstimate.mean": {
            "value": 1.170375108718872,
            "min": -0.5759860873222351,
            "max": 1.3889684677124023,
            "count": 20
        },
        "Shooting.Policy.ExtrinsicValueEstimate.sum": {
            "value": 469.3204345703125,
            "min": -64.51044464111328,
            "max": 623.8819580078125,
            "count": 20
        },
        "Shooting.Policy.CuriosityValueEstimate.mean": {
            "value": 1.8096208572387695,
            "min": 0.46089833974838257,
            "max": 3.7727982997894287,
            "count": 20
        },
        "Shooting.Policy.CuriosityValueEstimate.sum": {
            "value": 725.657958984375,
            "min": 53.46420669555664,
            "max": 1273.4583740234375,
            "count": 20
        },
        "Shooting.Environment.CumulativeReward.mean": {
            "value": 1.3442453343146326,
            "min": -1.464869080019779,
            "max": 1.4607658913965975,
            "count": 20
        },
        "Shooting.Environment.CumulativeReward.sum": {
            "value": 528.2884163856506,
            "min": -89.35701388120651,
            "max": 656.9576213359833,
            "count": 20
        },
        "Shooting.Policy.ExtrinsicReward.mean": {
            "value": 1.3442453343146326,
            "min": -1.464869080019779,
            "max": 1.4607658913965975,
            "count": 20
        },
        "Shooting.Policy.ExtrinsicReward.sum": {
            "value": 528.2884163856506,
            "min": -89.35701388120651,
            "max": 656.9576213359833,
            "count": 20
        },
        "Shooting.Policy.CuriosityReward.mean": {
            "value": 0.09853257494800874,
            "min": 0.059651071634308425,
            "max": 1.3525995746499202,
            "count": 20
        },
        "Shooting.Policy.CuriosityReward.sum": {
            "value": 38.72330195456743,
            "min": 26.043312795460224,
            "max": 96.17189893312752,
            "count": 20
        },
        "Shooting.Losses.PolicyLoss.mean": {
            "value": 0.24626997662539699,
            "min": 0.23467923859860204,
            "max": 0.2498413068290189,
            "count": 20
        },
        "Shooting.Losses.PolicyLoss.sum": {
            "value": 10.343339018266674,
            "min": 5.991404673269683,
            "max": 10.887008111143842,
            "count": 20
        },
        "Shooting.Losses.ValueLoss.mean": {
            "value": 0.35905046655552036,
            "min": 0.01188684277586664,
            "max": 0.35905046655552036,
            "count": 20
        },
        "Shooting.Losses.ValueLoss.sum": {
            "value": 15.080119595331855,
            "min": 0.5111342393622655,
            "max": 15.080119595331855,
            "count": 20
        },
        "Shooting.Policy.LearningRate.mean": {
            "value": 7.4313832371904755e-06,
            "min": 7.4313832371904755e-06,
            "max": 0.00029196900267699995,
            "count": 20
        },
        "Shooting.Policy.LearningRate.sum": {
            "value": 0.00031211809596199997,
            "min": 0.00031211809596199997,
            "max": 0.010270662276446,
            "count": 20
        },
        "Shooting.Policy.Epsilon.mean": {
            "value": 0.10247709523809524,
            "min": 0.10247709523809524,
            "max": 0.197323,
            "count": 20
        },
        "Shooting.Policy.Epsilon.sum": {
            "value": 4.304038,
            "min": 4.304038,
            "max": 7.586849,
            "count": 20
        },
        "Shooting.Policy.Beta.mean": {
            "value": 0.0005,
            "min": 0.0005,
            "max": 0.0005000000000000001,
            "count": 20
        },
        "Shooting.Policy.Beta.sum": {
            "value": 0.021,
            "min": 0.012,
            "max": 0.022000000000000006,
            "count": 20
        },
        "Shooting.Losses.CuriosityForwardLoss.mean": {
            "value": 0.112485003228401,
            "min": 0.0914806699718589,
            "max": 0.2507873107105581,
            "count": 20
        },
        "Shooting.Losses.CuriosityForwardLoss.sum": {
            "value": 4.724370135592842,
            "min": 4.025149478761792,
            "max": 10.035845666112456,
            "count": 20
        },
        "Shooting.Losses.CuriosityInverseLoss.mean": {
            "value": 1.0254869528315396,
            "min": 0.9671918184564788,
            "max": 3.3961215899510386,
            "count": 20
        },
        "Shooting.Losses.CuriosityInverseLoss.sum": {
            "value": 43.07045201892466,
            "min": 41.58924819362859,
            "max": 100.76734615071831,
            "count": 20
        },
        "Shooting.IsTraining.mean": {
            "value": 1.0,
            "min": 1.0,
            "max": 1.0,
            "count": 20
        },
        "Shooting.IsTraining.sum": {
            "value": 1.0,
            "min": 1.0,
            "max": 1.0,
            "count": 20
        }
    },
    "metadata": {
        "timer_format_version": "0.1.0",
        "start_time_seconds": "1683627572",
        "python_version": "3.7.0 (v3.7.0:1bf9cc5093, Jun 27 2018, 04:59:51) [MSC v.1914 64 bit (AMD64)]",
        "command_line_arguments": "D:\\University\\Honours\\Testing\\MLAgents Testing2\\venv\\Scripts\\mlagents-learn config/Shooting.yaml --initialize-from=KbmShoot_Start --run-id=KbmShoot1",
        "mlagents_version": "0.28.0",
        "mlagents_envs_version": "0.28.0",
        "communication_protocol_version": "1.5.0",
        "pytorch_version": "1.7.1+cu110",
        "numpy_version": "1.21.6",
        "end_time_seconds": "1683628189"
    },
    "total": 616.8297639,
    "count": 1,
    "self": 0.005633900000020731,
    "children": {
        "run_training.setup": {
            "total": 0.061773200000000084,
            "count": 1,
            "self": 0.061773200000000084
        },
        "TrainerController.start_learning": {
            "total": 616.7623568,
            "count": 1,
            "self": 0.1464382999999998,
            "children": {
                "TrainerController._reset_env": {
                    "total": 15.9693497,
                    "count": 1,
                    "self": 15.9693497
                },
                "TrainerController.advance": {
                    "total": 600.5635890000001,
                    "count": 8597,
                    "self": 0.11744629999816425,
                    "children": {
                        "env_step": {
                            "total": 63.957762900002265,
                            "count": 8597,
                            "self": 48.582538400000274,