{
    "name": "root",
    "gauges": {
        "Movement.Policy.Entropy.mean": {
            "value": 1.2099992036819458,
            "min": 1.2099992036819458,
            "max": 1.3227624893188477,
            "count": 20
        },
        "Movement.Policy.Entropy.sum": {
            "value": 6219.39599609375,
            "min": 5811.2373046875,
            "max": 7155.521484375,
            "count": 20
        },
        "Movement.Environment.EpisodeLength.mean": {
            "value": 324.85714285714283,
            "min": 134.5,
            "max": 387.4375,
            "count": 20
        },
        "Movement.Environment.EpisodeLength.sum": {
            "value": 4548.0,
            "min": 269.0,
            "max": 7324.0,
            "count": 20
        },
        "Movement.Step.mean": {
            "value": 99968.0,
            "min": 4943.0,
            "max": 99968.0,
            "count": 20
        },
        "Movement.Step.sum": {
            "value": 99968.0,
            "min": 4943.0,
            "max": 99968.0,
            "count": 20
        },
        "Movement.Policy.ExtrinsicValueEstimate.mean": {
            "value": 0.09734716266393661,
            "min": -0.11423809826374054,
            "max": 0.35666346549987793,
            "count": 20
        },
        "Movement.Policy.ExtrinsicValueEstimate.sum": {
            "value": 8.469202995300293,
            "min": -10.39566707611084,
            "max": 31.74304962158203,
            "count": 20
        },
        "Movement.Policy.CuriosityValueEstimate.mean": {
            "value": 0.5128425359725952,
            "min": 0.2296474575996399,
            "max": 0.7723546624183655,
            "count": 20
        },
        "Movement.Policy.CuriosityValueEstimate.sum": {
            "value": 44.6172981262207,
            "min": 20.438623428344727,
            "max": 69.51191711425781,
            "count": 20
        },
        "Movement.Environment.CumulativeReward.mean": {
            "value": 0.3000000076634543,
            "min": -0.8000000044703484,
            "max": 1.0545454641634768,
            "count": 20
        },
        "Movement.Environment.CumulativeReward.sum": {
            "value": 4.200000107288361,
            "min": -1.6000000089406967,
            "max": 23.20000021159649,
            "count": 20
        },
        "Movement.Policy.ExtrinsicReward.mean": {
            "value": 0.3000000076634543,
            "min": -0.8000000044703484,
            "max": 1.0545454641634768,
            "count": 20
        },
        "Movement.Policy.ExtrinsicReward.sum": {
            "value": 4.200000107288361,
            "min": -1.6000000089406967,
            "max": 23.20000021159649,
            "count": 20
        },
        "Movement.Policy.CuriosityReward.mean": {
            "value": 1.1968181929218449,
            "min": 0.13740083575248718,
            "max": 1.746508979704231,
            "count": 20
        },
        "Movement.Policy.CuriosityReward.sum": {
            "value": 16.75545470090583,
            "min": 0.27480167150497437,
            "max": 33.43931094650179,
            "count": 20
        },
        "Movement.Losses.PolicyLoss.mean": {
            "value": 0.24555184992180468,
            "min": 0.2390030348355269,
            "max": 0.2580273850616934,
            "count": 20
        },
        "Movement.Losses.PolicyLoss.sum": {
            "value": 8.839866597184969,
            "min": 0.7590405659909851,
            "max": 9.526911910534928,
            "count": 20
        },
        "Movement.Losses.ValueLoss.mean": {
            "value": 0.01758588441829394,
            "min": 0.001902369187923278,
            "max": 0.022587643838577868,
            "count": 20
        },
        "Movement.Losses.ValueLoss.sum": {
            "value": 0.6330918390585819,
            "min": 0.011996345863326078,
            "max": 0.7905675343502254,
            "count": 20
        },
        "Movement.Policy.LearningRate.mean": {
            "value": 7.510514163194445e-06,
            "min": 7.510514163194445e-06,
            "max": 0.000292344002552,
            "count": 20
        },
        "Movement.Policy.LearningRate.sum": {
            "value": 0.000270378509875,
            "min": 0.000270378509875,
            "max": 0.0073903269365580004,
            "count": 20
        },
        "Movement.Policy.Epsilon.mean": {
            "value": 0.10250347222222222,
            "min": 0.10250347222222222,
            "max": 0.19744800000000004,
            "count": 20
        },
        "Movement.Policy.Epsilon.sum": {
            "value": 3.690125,
            "min": 0.5923440000000001,
            "max": 5.863462000000001,
            "count": 20
        },
        "Movement.Policy.Beta.mean": {
            "value": 0.0005,
            "min": 0.0005,
            "max": 0.0005000000000000001,
            "count": 20
        },
        "Movement.Policy.Beta.sum": {
            "value": 0.018000000000000002,
            "min": 0.0015000000000000005,
            "max": 0.018500000000000003,
            "count": 20
        },
        "Movement.Losses.CuriosityForwardLoss.mean": {
            "value": 0.17096443163512318,
            "min": 0.1353251687413509,
            "max": 0.22968153244390832,
            "count": 20
        },
        "Movement.Losses.CuriosityForwardLoss.sum": {
            "value": 6.154719538864434,
            "min": 0.4505098467330787,
            "max": 8.498216700424608,
            "count": 20
        },
        "Movement.Losses.CuriosityInverseLoss.mean": {
            "value": 0.6954885874384207,
            "min": 0.6347318894167435,
            "max": 0.9746861927859911,
            "count": 20
        },
        "Movement.Losses.CuriosityInverseLoss.sum": {
            "value": 25.037589147783144,
            "min": 2.8265160420370834,
            "max": 33.1393305547237,
            "count": 20
        },
        "Movement.IsTraining.mean": {
            "value": 1.0,
            "min": 1.0,
            "max": 1.0,
            "count": 20
        },
        "Movement.IsTraining.sum": {
            "value": 1.0,
            "min": 1.0,
            "max": 1.0,
            "count": 20
        }
    },
    "metadata": {
        "timer_format_version": "0.1.0",
        "start_time_seconds": "1683565108",
        "python_version": "3.7.0 (v3.7.0:1bf9cc5093, Jun 27 2018, 04:59:51) [MSC v.1914 64 bit (AMD64)]",
        "command_line_arguments": "D:\\University\\Honours\\Testing\\MLAgents Testing2\\venv\\Scripts\\mlagents-learn config/Movement.yaml --initialize-from=ConMovement_Walls1 --run-id=ConMovement_Walls2",
        "mlagents_version": "0.28.0",
        "mlagents_envs_version": "0.28.0",
        "communication_protocol_version": "1.5.0",
        "pytorch_version": "1.7.1+cu110",
        "numpy_version": "1.21.6",
        "end_time_seconds": "1683565491"
    },
    "total": 383.47111099999995,
    "count": 1,
    "self": 0.0054752999999436724,
    "children": {
        "run_training.setup": {
            "total": 0.060598299999999994,
            "count": 1,
            "self": 0.060598299999999994
        },
        "TrainerController.start_learning": {
            "total": 383.4050374,
            "count": 1,
            "self": 0.07724169999960395,
            "children": {
                "TrainerController._reset_env": {
                    "total": 4.3917164,
                    "count": 1,
                    "self": 4.3917164
                },
                "TrainerController.advance": {
                    "total": 378.88465200000036,
                    "count": 5238,
                    "self": 0.07789349999791284,
                    "children": {
                        "env_step": {
                            "total": 38.34398290000126,
                            "count": 5238,
                            "self": 31.984418700003896,