{
    "name": "root",
    "gauges": {
        "Movement.Policy.Entropy.mean": {
            "value": 1.2110795974731445,
            "min": 1.2084956169128418,
            "max": 1.2662428617477417,
            "count": 20
        },
        "Movement.Policy.Entropy.sum": {
            "value": 5982.7333984375,
            "min": 5839.150390625,
            "max": 6800.58740234375,
            "count": 20
        },
        "Movement.Environment.EpisodeLength.mean": {
            "value": 296.7692307692308,
            "min": 137.25,
            "max": 390.8666666666667,
            "count": 20
        },
        "Movement.Environment.EpisodeLength.sum": {
            "value": 3858.0,
            "min": 549.0,
            "max": 6732.0,
            "count": 20
        },
        "Movement.Step.mean": {
            "value": 99983.0,
            "min": 4969.0,
            "max": 99983.0,
            "count": 20
        },
        "Movement.Step.sum": {
            "value": 99983.0,
            "min": 4969.0,
            "max": 99983.0,
            "count": 20
        },
        "Movement.Policy.ExtrinsicValueEstimate.mean": {
            "value": 0.17916622757911682,
            "min": -0.14851416647434235,
            "max": 0.35811737179756165,
            "count": 20
        },
        "Movement.Policy.ExtrinsicValueEstimate.sum": {
            "value": 15.587462425231934,
            "min": -12.920732498168945,
            "max": 32.588680267333984,
            "count": 20
        },
        "Movement.Policy.CuriosityValueEstimate.mean": {
            "value": 0.1313401311635971,
            "min": 0.1023259311914444,
            "max": 0.4698401689529419,
            "count": 20
        },
        "Movement.Policy.CuriosityValueEstimate.sum": {
            "value": 11.426591873168945,
            "min": 8.902356147766113,
            "max": 42.755455017089844,
            "count": 20
        },
        "Movement.Environment.CumulativeReward.mean": {
            "value": 0.8719999675567334,
            "min": -0.3784333775440852,
            "max": 1.0361249726265669,
            "count": 20
        },
        "Movement.Environment.CumulativeReward.sum": {
            "value": 11.335999578237534,
            "min": -5.676500663161278,
            "max": 16.57799956202507,
            "count": 20
        },
        "Movement.Policy.ExtrinsicReward.mean": {
            "value": 0.8719999675567334,
            "min": -0.3784333775440852,
            "max": 1.0361249726265669,
            "count": 20
        },
        "Movement.Policy.ExtrinsicReward.sum": {
            "value": 11.335999578237534,
            "min": -5.676500663161278,
            "max": 16.57799956202507,
            "count": 20
        },
        "Movement.Policy.CuriosityReward.mean": {
            "value": 0.8572608485925369,
            "min": 0.43370603071525693,
            "max": 1.259717786183151,
            "count": 20
        },
        "Movement.Policy.CuriosityReward.sum": {
            "value": 11.14439103170298,
            "min": 1.7348241228610277,
            "max": 22.42459434317425,
            "count": 20
        },
        "Movement.Losses.PolicyLoss.mean": {
            "value": 0.24681585762929747,
            "min": 0.235917322499928,
            "max": 0.25276452011635026,
            "count": 20
        },
        "Movement.Losses.PolicyLoss.sum": {
            "value": 9.379002589913304,
            "min": 1.5010244123871541,
            "max": 9.379002589913304,
            "count": 20
        },
        "Movement.Losses.ValueLoss.mean": {
            "value": 0.018263284254182527,
            "min": 0.005798745357170945,
            "max": 0.03022615449395906,
            "count": 20
        },
        "Movement.Losses.ValueLoss.sum": {
            "value": 0.694004801658936,
            "min": 0.17976110607229928,
            "max": 1.0426786798285033,
            "count": 20
        },
        "Movement.Policy.LearningRate.mean": {
            "value": 7.437571205052635e-06,
            "min": 7.437571205052635e-06,
            "max": 0.00029097350300883324,
            "count": 20
        },
        "Movement.Policy.LearningRate.sum": {
            "value": 0.0002826277057920001,
            "min": 0.0002826277057920001,
            "max": 0.007685688538103998,
            "count": 20
        },
        "Movement.Policy.Epsilon.mean": {
            "value": 0.10247915789473686,
            "min": 0.10247915789473686,
            "max": 0.1969911666666667,
            "count": 20
        },
        "Movement.Policy.Epsilon.sum": {
            "value": 3.8942080000000003,
            "min": 1.181947,
            "max": 6.174734,
            "count": 20
        },
        "Movement.Policy.Beta.mean": {
            "value": 0.0005000000000000001,
            "min": 0.0005,
            "max": 0.0005000000000000001,
            "count": 20
        },
        "Movement.Policy.Beta.sum": {
            "value": 0.019000000000000003,
            "min": 0.0030000000000000005,
            "max": 0.019000000000000003,
            "count": 20
        },
        "Movement.Losses.CuriosityForwardLoss.mean": {
            "value": 0.11338883893839084,
            "min": 0.07308276650981821,
            "max": 0.20961860566144463,
            "count": 20
        },
        "Movement.Losses.CuriosityForwardLoss.sum": {
            "value": 4.308775879658852,
            "min": 1.2577116339686678,
            "max": 5.481991962913868,
            "count": 20
        },
        "Movement.Losses.CuriosityInverseLoss.mean": {
            "value": 0.3388955727694442,
            "min": 0.2175105308121649,
            "max": 0.6108178202187649,
            "count": 20
        },
        "Movement.Losses.CuriosityInverseLoss.sum": {
            "value": 12.87803176523888,
            "min": 3.664906921312589,
            "max": 19.885719794272195,
            "count": 20
        },
        "Movement.IsTraining.mean": {
            "value": 1.0,
            "min": 1.0,
            "max": 1.0,
            "count": 20
        },
        "Movement.IsTraining.sum": {
            "value": 1.0,
            "min": 1.0,
            "max": 1.0,
            "count": 20
        }
    },
    "metadata": {
        "timer_format_version": "0.1.0",
        "start_time_seconds": "1683661930",
        "python_version": "3.7.0 (v3.7.0:1bf9cc5093, Jun 27 2018, 04:59:51) [MSC v.1914 64 bit (AMD64)]",
        "command_line_arguments": "D:\\University\\Honours\\Testing\\MLAgents Testing2\\venv\\Scripts\\mlagents-learn config/Movement.yaml --initialize-from=ConMove_Walls2 --run-id=ConMove_Walls3",
        "mlagents_version": "0.28.0",
        "mlagents_envs_version": "0.28.0",
        "communication_protocol_version": "1.5.0",
        "pytorch_version": "1.7.1+cu110",
        "numpy_version": "1.21.6",
        "end_time_seconds": "1683662328"
    },
    "total": 397.39654409999997,
    "count": 1,
    "self": 0.0059660999999664455,
    "children": {
        "run_training.setup": {
            "total": 0.06349110000000002,
            "count": 1,
            "self": 0.06349110000000002
        },
        "TrainerController.start_learning": {
            "total": 397.3270869,
            "count": 1,
            "self": 0.07869699999969271,
            "children": {
                "TrainerController._reset_env": {
                    "total": 10.3289507,
                    "count": 1,
                    "self": 10.3289507
                },
                "TrainerController.advance": {
                    "total": 386.8611964000003,
                    "count": 5257,
                    "self": 0.0744054000011829,
                    "children": {
                        "env_step": {
                            "total": 44.81072200000034,
                            "count": 5257,
                            "self": 38.498190299998,