{
    "name": "root",
    "gauges": {
        "Movement.Policy.Entropy.mean": {
            "value": 1.3949345350265503,
            "min": 1.3949345350265503,
            "max": 1.4151126146316528,
            "count": 10
        },
        "Movement.Policy.Entropy.sum": {
            "value": 7030.47021484375,
            "min": 6648.0615234375,
            "max": 7839.72412109375,
            "count": 10
        },
        "Movement.Step.mean": {
            "value": 49999.0,
            "min": 4974.0,
            "max": 49999.0,
            "count": 10
        },
        "Movement.Step.sum": {
            "value": 49999.0,
            "min": 4974.0,
            "max": 49999.0,
            "count": 10
        },
        "Movement.Policy.ExtrinsicValueEstimate.mean": {
            "value": 0.9305109977722168,
            "min": -0.21405352652072906,
            "max": 0.9323208928108215,
            "count": 10
        },
        "Movement.Policy.ExtrinsicValueEstimate.sum": {
            "value": 303.3465881347656,
            "min": -19.69292449951172,
            "max": 314.192138671875,
            "count": 10
        },
        "Movement.Policy.CuriosityValueEstimate.mean": {
            "value": 15.253252983093262,
            "min": 0.165249764919281,
            "max": 15.253252983093262,
            "count": 10
        },
        "Movement.Policy.CuriosityValueEstimate.sum": {
            "value": 4972.560546875,
            "min": 13.21998119354248,
            "max": 4972.560546875,
            "count": 10
        },
        "Movement.Losses.PolicyLoss.mean": {
            "value": 0.236719671591562,
            "min": 0.2321789435808113,
            "max": 0.24676799657440018,
            "count": 10
        },
        "Movement.Losses.PolicyLoss.sum": {
            "value": 10.415665550028727,
            "min": 1.6665604514953174,
            "max": 10.664956207483737,
            "count": 10
        },
        "Movement.Losses.ValueLoss.mean": {
            "value": 0.16359856196374592,
            "min": 0.0018484516138651025,
            "max": 0.16359856196374592,
            "count": 10
        },
        "Movement.Losses.ValueLoss.sum": {
            "value": 7.198336726404821,
            "min": 0.025510096178534516,
            "max": 7.198336726404821,
            "count": 10
        },
        "Movement.Policy.LearningRate.mean": {
            "value": 1.4523913340545455e-05,
            "min": 1.4523913340545455e-05,
            "max": 0.0002802557208671428,
            "count": 10
        },
        "Movement.Policy.LearningRate.sum": {
            "value": 0.000639052186984,
            "min": 0.000639052186984,
            "max": 0.007635420854859999,
            "count": 10
        },
        "Movement.Policy.Epsilon.mean": {
            "value": 0.10484127272727274,
            "min": 0.10484127272727274,
            "max": 0.19341857142857144,
            "count": 10
        },
        "Movement.Policy.Epsilon.sum": {
            "value": 4.613016000000001,
            "min": 1.35393,
            "max": 5.94514,
            "count": 10
        },
        "Movement.Policy.Beta.mean": {
            "value": 0.0005,
            "min": 0.0005,
            "max": 0.0005000000000000001,
            "count": 10
        },
        "Movement.Policy.Beta.sum": {
            "value": 0.022000000000000002,
            "min": 0.0035000000000000005,
            "max": 0.022500000000000006,
            "count": 10
        },
        "Movement.Losses.CuriosityForwardLoss.mean": {
            "value": 0.087911529254494,
            "min": 0.04278099089656995,
            "max": 0.09073405698589312,
            "count": 10
        },
        "Movement.Losses.CuriosityForwardLoss.sum": {
            "value": 3.868107287197736,
            "min": 0.29946693627598964,
            "max": 3.868107287197736,
            "count": 10
        },
        "Movement.Losses.CuriosityInverseLoss.mean": {
            "value": 0.7715388641265096,
            "min": 0.5965298068115641,
            "max": 2.791745761520796,
            "count": 10
        },
        "Movement.Losses.CuriosityInverseLoss.sum": {
            "value": 33.94771002156642,
            "min": 13.989276951644019,
            "max": 94.91935589170706,
            "count": 10
        },
        "Movement.Environment.EpisodeLength.mean": {
            "value": 14.36196319018405,
            "min": 13.813056379821958,
            "max": 224.96969696969697,
            "count": 10
        },
        "Movement.Environment.EpisodeLength.sum": {
            "value": 4682.0,
            "min": 809.0,
            "max": 7424.0,
            "count": 10
        },
        "Movement.Environment.CumulativeReward.mean": {
            "value": 1.0,
            "min": -0.14814814814814814,
            "max": 1.0,
            "count": 10
        },
        "Movement.Environment.CumulativeReward.sum": {
            "value": 326.0,
            "min": -4.0,
            "max": 337.0,
            "count": 10
        },
        "Movement.Policy.ExtrinsicReward.mean": {
            "value": 1.0,
            "min": -0.14814814814814814,
            "max": 1.0,
            "count": 10
        },
        "Movement.Policy.ExtrinsicReward.sum": {
            "value": 326.0,
            "min": -4.0,
            "max": 337.0,
            "count": 10
        },
        "Movement.Policy.CuriosityReward.mean": {
            "value": 0.02976835494792443,
            "min": 0.025820031418058834,
            "max": 0.5355236670692209,
            "count": 10
        },
        "Movement.Policy.CuriosityReward.sum": {
            "value": 9.704483713023365,
            "min": 0.7457593642175198,
            "max": 18.133577612461522,
            "count": 10
        },
        "Movement.IsTraining.mean": {
            "value": 1.0,
            "min": 1.0,
            "max": 1.0,
            "count": 10
        },
        "Movement.IsTraining.sum": {
            "value": 1.0,
            "min": 1.0,
            "max": 1.0,
            "count": 10
        }
    },
    "metadata": {
        "timer_format_version": "0.1.0",
        "start_time_seconds": "1683387208",
        "python_version": "3.7.0 (v3.7.0:1bf9cc5093, Jun 27 2018, 04:59:51) [MSC v.1914 64 bit (AMD64)]",
        "command_line_arguments": "D:\\University\\Honours\\Testing\\MLAgents Testing2\\venv\\Scripts\\mlagents-learn config/Movement.yaml --run-id=ConMovement_Start",
        "mlagents_version": "0.28.0",
        "mlagents_envs_version": "0.28.0",
        "communication_protocol_version": "1.5.0",
        "pytorch_version": "1.7.1+cu110",
        "numpy_version": "1.21.6",
        "end_time_seconds": "1683387401"
    },
    "total": 193.902256,
    "count": 1,
    "self": 0.00617550000001188,
    "children": {
        "run_training.setup": {
            "total": 0.061944599999999905,
            "count": 1,
            "self": 0.061944599999999905
        },
        "TrainerController.start_learning": {
            "total": 193.83413589999998,
            "count": 1,
            "self": 0.05184709999912229,
            "children": {
                "TrainerController._reset_env": {
                    "total": 3.9017278,
                    "count": 1,
                    "self": 3.9017278
                },
                "TrainerController.advance": {
                    "total": 189.82932390000084,
                    "count": 3587,
                    "self": 0.04594360000055531,
                    "children": {
                        "env_step": {
                            "total": 19.50176430000001,
                            "count": 3587,
                            "self": 16.23125160000039,
                            "children": {
                                "SubprocessEnvManager._take_step": {
                                    "total": 3.242574099999577,
                                    "count": 3587,