{
    "name": "root",
    "gauges": {
        "MoveWithSensor.Policy.Entropy.mean": {
            "value": 1.2977464199066162,
            "min": 1.2933058738708496,
            "max": 1.397932529449463,
            "count": 9
        },
        "MoveWithSensor.Policy.Entropy.sum": {
            "value": 12951.5087890625,
            "min": 12933.05859375,
            "max": 14762.1669921875,
            "count": 9
        },
        "MoveWithSensor.Step.mean": {
            "value": 89998.0,
            "min": 9969.0,
            "max": 89998.0,
            "count": 9
        },
        "MoveWithSensor.Step.sum": {
            "value": 89998.0,
            "min": 9969.0,
            "max": 89998.0,
            "count": 9
        },
        "MoveWithSensor.Policy.ExtrinsicValueEstimate.mean": {
            "value": 0.9538625478744507,
            "min": -0.019689366221427917,
            "max": 0.9552568197250366,
            "count": 9
        },
        "MoveWithSensor.Policy.ExtrinsicValueEstimate.sum": {
            "value": 1025.4022216796875,
            "min": -3.445639133453369,
            "max": 1025.4022216796875,
            "count": 9
        },
        "MoveWithSensor.Policy.CuriosityValueEstimate.mean": {
            "value": -25.331388473510742,
            "min": -25.331388473510742,
            "max": 16.148881912231445,
            "count": 9
        },
        "MoveWithSensor.Policy.CuriosityValueEstimate.sum": {
            "value": -27231.2421875,
            "min": -27231.2421875,
            "max": 14453.25,
            "count": 9
        },
        "MoveWithSensor.Losses.PolicyLoss.mean": {
            "value": 0.22882956305224708,
            "min": 0.22821269606812666,
            "max": 0.2443007723809689,
            "count": 9
        },
        "MoveWithSensor.Losses.PolicyLoss.sum": {
            "value": 21.28114936385898,
            "min": 5.7972294240984645,
            "max": 22.078460285308687,
            "count": 9
        },
        "MoveWithSensor.Losses.ValueLoss.mean": {
            "value": 0.5593251558075567,
            "min": 0.0023581621628076567,
            "max": 0.5593251558075567,
            "count": 9
        },
        "MoveWithSensor.Losses.ValueLoss.sum": {
            "value": 52.017239490102774,
            "min": 0.14656126082319187,
            "max": 52.017239490102774,
            "count": 9
        },
        "MoveWithSensor.Policy.LearningRate.mean": {
            "value": 4.505585917495699e-05,
            "min": 4.505585917495699e-05,
            "max": 0.0002788900070366666,
            "count": 9
        },
        "MoveWithSensor.Policy.LearningRate.sum": {
            "value": 0.004190194903271,
            "min": 0.004190194903271,
            "max": 0.017722668192444998,
            "count": 9
        },
        "MoveWithSensor.Policy.Epsilon.mean": {
            "value": 0.11501859139784945,
            "min": 0.11501859139784945,
            "max": 0.1929633333333333,
            "count": 9
        },
        "MoveWithSensor.Policy.Epsilon.sum": {
            "value": 10.696729,
            "min": 4.631119999999999,
            "max": 15.007554999999998,
            "count": 9
        },
        "MoveWithSensor.Policy.Beta.mean": {
            "value": 0.0005000000000000001,
            "min": 0.0005,
            "max": 0.0005000000000000001,
            "count": 9
        },
        "MoveWithSensor.Policy.Beta.sum": {
            "value": 0.046500000000000014,
            "min": 0.012,
            "max": 0.046500000000000014,
            "count": 9
        },
        "MoveWithSensor.Losses.CuriosityForwardLoss.mean": {
            "value": 0.08166583558284739,
            "min": 0.05089228449194285,
            "max": 0.1024553972587225,
            "count": 9
        },
        "MoveWithSensor.Losses.CuriosityForwardLoss.sum": {
            "value": 7.594922709204807,
            "min": 1.2214148278066284,
            "max": 9.42589654780247,
            "count": 9
        },
        "MoveWithSensor.Losses.CuriosityInverseLoss.mean": {
            "value": 1.0306344544392245,
            "min": 0.679502537899983,
            "max": 1.7676459854402269,
            "count": 9
        },
        "MoveWithSensor.Losses.CuriosityInverseLoss.sum": {
            "value": 95.84900426284787,
            "min": 42.42350365056544,
            "max": 119.77810378898697,
            "count": 9
        },
        "MoveWithSensor.Environment.EpisodeLength.mean": {
            "value": 8.304186046511628,
            "min": 8.304186046511628,
            "max": 258.53125,
            "count": 9
        },
        "MoveWithSensor.Environment.EpisodeLength.sum": {
            "value": 8927.0,
            "min": 8273.0,
            "max": 12486.0,
            "count": 9
        },
        "MoveWithSensor.Environment.CumulativeReward.mean": {
            "value": 0.998139534883721,
            "min": 0.25,
            "max": 1.0,
            "count": 9
        },
        "MoveWithSensor.Environment.CumulativeReward.sum": {
            "value": 1073.0,
            "min": 8.0,
            "max": 1073.0,
            "count": 9
        },
        "MoveWithSensor.Policy.ExtrinsicReward.mean": {
            "value": 0.998139534883721,
            "min": 0.25,
            "max": 1.0,
            "count": 9
        },
        "MoveWithSensor.Policy.ExtrinsicReward.sum": {
            "value": 1073.0,
            "min": 8.0,
            "max": 1073.0,
            "count": 9
        },
        "MoveWithSensor.Policy.CuriosityReward.mean": {
            "value": 0.017513581909845734,
            "min": 0.014348966502155183,
            "max": 0.3447394655160015,
            "count": 9
        },
        "MoveWithSensor.Policy.CuriosityReward.sum": {
            "value": 18.827100553084165,
            "min": 10.774473579251207,
            "max": 47.655137489084154,
            "count": 9
        },
        "MoveWithSensor.IsTraining.mean": {
            "value": 1.0,
            "min": 1.0,
            "max": 1.0,
            "count": 9
        },
        "MoveWithSensor.IsTraining.sum": {
            "value": 1.0,
            "min": 1.0,
            "max": 1.0,
            "count": 9
        }
    },
    "metadata": {
        "timer_format_version": "0.1.0",
        "start_time_seconds": "1682084840",
        "python_version": "3.7.0 (v3.7.0:1bf9cc5093, Jun 27 2018, 04:59:51) [MSC v.1914 64 bit (AMD64)]",
        "command_line_arguments": "D:\\University\\Honours\\Testing\\MLAgents Testing2\\venv\\Scripts\\mlagents-learn config/moveWithSensor.yaml --run-id=ConMovement_Start",
        "mlagents_version": "0.28.0",
        "mlagents_envs_version": "0.28.0",
        "communication_protocol_version": "1.5.0",
        "pytorch_version": "1.7.1+cu110",
        "numpy_version": "1.21.6",
        "end_time_seconds": "1682085228"
    },
    "total": 388.22856700000006,
    "count": 1,
    "self": 0.005183100000067498,
    "children": {
        "run_training.setup": {
            "total": 0.11877639999999978,
            "count": 1,
            "self": 0.11877639999999978
        },
        "TrainerController.start_learning": {
            "total": 388.1046075,
            "count": 1,
            "self": 0.14209020000100736,
            "children": {
                "TrainerController._reset_env": {
                    "total": 7.0700325,
                    "count": 1,
                    "self": 7.0700325
                },
                "TrainerController.advance": {
                    "total": 380.79771629999897,
                    "count": 8914,
                    "self": 0.1167758999967532,
                    "children": {
                        "env_step": {
                            "total": 45.57987040000118,
                            "count": 8914,
                            "self": 38.369145599996685,