{
    "name": "root",
    "gauges": {
        "Movement.Policy.Entropy.mean": {
            "value": 0.45919477939605713,
            "min": 0.4588581323623657,
            "max": 2.1769485473632812,
            "count": 10
        },
        "Movement.Policy.Entropy.sum": {
            "value": 2259.23828125,
            "min": 2259.23828125,
            "max": 12190.912109375,
            "count": 10
        },
        "Movement.Environment.EpisodeLength.mean": {
            "value": 13.14406779661017,
            "min": 12.324468085106384,
            "max": 186.25641025641025,
            "count": 10
        },
        "Movement.Environment.EpisodeLength.sum": {
            "value": 4653.0,
            "min": 1089.0,
            "max": 7264.0,
            "count": 10
        },
        "Movement.Step.mean": {
            "value": 49976.0,
            "min": 4939.0,
            "max": 49976.0,
            "count": 10
        },
        "Movement.Step.sum": {
            "value": 49976.0,
            "min": 4939.0,
            "max": 49976.0,
            "count": 10
        },
        "Movement.Policy.ExtrinsicValueEstimate.mean": {
            "value": 0.7215056419372559,
            "min": 0.17742636799812317,
            "max": 0.9265927076339722,
            "count": 10
        },
        "Movement.Policy.ExtrinsicValueEstimate.sum": {
            "value": 256.85601806640625,
            "min": 17.920063018798828,
            "max": 340.9861145019531,
            "count": 10
        },
        "Movement.Policy.CuriosityValueEstimate.mean": {
            "value": 11904.41015625,
            "min": 0.08885547518730164,
            "max": 11904.41015625,
            "count": 10
        },
        "Movement.Policy.CuriosityValueEstimate.sum": {
            "value": 4237970.0,
            "min": 7.375004291534424,
            "max": 4237970.0,
            "count": 10
        },
        "Movement.Environment.CumulativeReward.mean": {
            "value": 0.9263456090651558,
            "min": 0.5526315789473685,
            "max": 0.9915966386554622,
            "count": 10
        },
        "Movement.Environment.CumulativeReward.sum": {
            "value": 327.0,
            "min": 6.0,
            "max": 367.0,
            "count": 10
        },
        "Movement.Policy.ExtrinsicReward.mean": {
            "value": 0.9263456090651558,
            "min": 0.5526315789473685,
            "max": 0.9915966386554622,
            "count": 10
        },
        "Movement.Policy.ExtrinsicReward.sum": {
            "value": 327.0,
            "min": 6.0,
            "max": 367.0,
            "count": 10
        },
        "Movement.Policy.CuriosityReward.mean": {
            "value": 0.029057381104772895,
            "min": 0.029057381104772895,
            "max": 0.42531342086333196,
            "count": 10
        },
        "Movement.Policy.CuriosityReward.sum": {
            "value": 10.257255529984832,
            "min": 4.181473549338989,
            "max": 41.38343462720513,
            "count": 10
        },
        "Movement.Losses.PolicyLoss.mean": {
            "value": 0.23785701434408532,
            "min": 0.23518934219854157,
            "max": 0.2522176635429124,
            "count": 10
        },
        "Movement.Losses.PolicyLoss.sum": {
            "value": 9.989994602451583,
            "min": 2.6118598999614235,
            "max": 10.654661186302771,
            "count": 10
        },
        "Movement.Losses.ValueLoss.mean": {
            "value": 632391.7453759874,
            "min": 0.012172941705676852,
            "max": 632391.7453759874,
            "count": 10
        },
        "Movement.Losses.ValueLoss.sum": {
            "value": 26560453.305791467,
            "min": 0.15348836263250623,
            "max": 26560453.305791467,
            "count": 10
        },
        "Movement.Policy.LearningRate.mean": {
            "value": 1.4987523575619047e-05,
            "min": 1.4987523575619047e-05,
            "max": 0.00028312146017163637,
            "count": 10
        },
        "Movement.Policy.LearningRate.sum": {
            "value": 0.000629475990176,
            "min": 0.000629475990176,
            "max": 0.008104152898616,
            "count": 10
        },
        "Movement.Policy.Epsilon.mean": {
            "value": 0.10499580952380953,
            "min": 0.10499580952380953,
            "max": 0.19437381818181818,
            "count": 10
        },
        "Movement.Policy.Epsilon.sum": {
            "value": 4.409824,
            "min": 2.138112,
            "max": 6.382856,
            "count": 10
        },
        "Movement.Policy.Beta.mean": {
            "value": 0.0005000000000000001,
            "min": 0.0005,
            "max": 0.0005000000000000001,
            "count": 10
        },
        "Movement.Policy.Beta.sum": {
            "value": 0.021000000000000005,
            "min": 0.005500000000000001,
            "max": 0.022000000000000006,
            "count": 10
        },
        "Movement.Losses.CuriosityForwardLoss.mean": {
            "value": 0.076630852637022,
            "min": 0.07197215576382605,
            "max": 0.22659506908021265,
            "count": 10
        },
        "Movement.Losses.CuriosityForwardLoss.sum": {
            "value": 3.2184958107549244,
            "min": 0.8866149857453441,
            "max": 8.61061262504808,
            "count": 10
        },
        "Movement.Losses.CuriosityInverseLoss.mean": {
            "value": 0.05994199037696034,
            "min": 0.05994199037696034,
            "max": 2.162738433981338,
            "count": 10
        },
        "Movement.Losses.CuriosityInverseLoss.sum": {
            "value": 2.517563595832334,
            "min": 2.517563595832334,
            "max": 54.32341035637444,
            "count": 10
        },
        "Movement.IsTraining.mean": {
            "value": 1.0,
            "min": 1.0,
            "max": 1.0,
            "count": 10
        },
        "Movement.IsTraining.sum": {
            "value": 1.0,
            "min": 1.0,
            "max": 1.0,
            "count": 10
        }
    },
    "metadata": {
        "timer_format_version": "0.1.0",
        "start_time_seconds": "1683455201",
        "python_version": "3.7.0 (v3.7.0:1bf9cc5093, Jun 27 2018, 04:59:51) [MSC v.1914 64 bit (AMD64)]",
        "command_line_arguments": "D:\\University\\Honours\\Testing\\MLAgents Testing2\\venv\\Scripts\\mlagents-learn config/Movement.yaml --run-id=KbmMovement_Start",
        "mlagents_version": "0.28.0",
        "mlagents_envs_version": "0.28.0",
        "communication_protocol_version": "1.5.0",
        "pytorch_version": "1.7.1+cu110",
        "numpy_version": "1.21.6",
        "end_time_seconds": "1683455415"
    },
    "total": 213.82749239999998,
    "count": 1,
    "self": 0.0060445000000015625,
    "children": {
        "run_training.setup": {
            "total": 0.062437500000000035,
            "count": 1,
            "self": 0.062437500000000035
        },
        "TrainerController.start_learning": {
            "total": 213.7590104,
            "count": 1,
            "self": 0.050566600000706785,
            "children": {
                "TrainerController._reset_env": {
                    "total": 5.6171509,
                    "count": 1,
                    "self": 5.6171509
                },
                "TrainerController.advance": {
                    "total": 208.03746759999927,
                    "count": 3150,
                    "self": 0.04252139999826454,
                    "children": {
                        "env_step": {
                            "total": 20.92564659999985,
                            "count": 3150,
                            "self": 16.411534199999586,
                            "children": {
                                "SubprocessEnvManager._take_step": {
                                    "total": 4.487340900000928,