{
    "name": "root",
    "gauges": {
        "Shooting.Policy.Entropy.mean": {
            "value": 1.609881043434143,
            "min": 1.5884298086166382,
            "max": 2.0838794708251953,
            "count": 20
        },
        "Shooting.Policy.Entropy.sum": {
            "value": 8081.6025390625,
            "min": 7707.39453125,
            "max": 10770.5615234375,
            "count": 20
        },
        "Shooting.Environment.EpisodeLength.mean": {
            "value": 30.32716049382716,
            "min": 11.172413793103448,
            "max": 239.03333333333333,
            "count": 20
        },
        "Shooting.Environment.EpisodeLength.sum": {
            "value": 4913.0,
            "min": 324.0,
            "max": 7171.0,
            "count": 20
        },
        "Shooting.Step.mean": {
            "value": 99957.0,
            "min": 4961.0,
            "max": 99957.0,
            "count": 20
        },
        "Shooting.Step.sum": {
            "value": 99957.0,
            "min": 4961.0,
            "max": 99957.0,
            "count": 20
        },
        "Shooting.Policy.ExtrinsicValueEstimate.mean": {
            "value": 0.4817342758178711,
            "min": -1.106175422668457,
            "max": 0.587052047252655,
            "count": 20
        },
        "Shooting.Policy.ExtrinsicValueEstimate.sum": {
            "value": 95.86511993408203,
            "min": -110.61753845214844,
            "max": 95.86511993408203,
            "count": 20
        },
        "Shooting.Policy.CuriosityValueEstimate.mean": {
            "value": 2.7971155643463135,
            "min": 0.6135561466217041,
            "max": 4.096047878265381,
            "count": 20
        },
        "Shooting.Policy.CuriosityValueEstimate.sum": {
            "value": 556.6259765625,
            "min": 63.196285247802734,
            "max": 644.2001953125,
            "count": 20
        },
        "Shooting.Environment.CumulativeReward.mean": {
            "value": 0.8094956987748848,
            "min": -5.056027253468831,
            "max": 1.2370689552405785,
            "count": 20
        },
        "Shooting.Environment.CumulativeReward.sum": {
            "value": 131.94779890030622,
            "min": -151.68081760406494,
            "max": 131.94779890030622,
            "count": 20
        },
        "Shooting.Policy.ExtrinsicReward.mean": {
            "value": 0.8094956987748848,
            "min": -5.056027253468831,
            "max": 1.2370689552405785,
            "count": 20
        },
        "Shooting.Policy.ExtrinsicReward.sum": {
            "value": 131.94779890030622,
            "min": -151.68081760406494,
            "max": 131.94779890030622,
            "count": 20
        },
        "Shooting.Policy.CuriosityReward.mean": {
            "value": 0.2346592496600619,
            "min": 0.15021289576744212,
            "max": 4.223574322399994,
            "count": 20
        },
        "Shooting.Policy.CuriosityReward.sum": {
            "value": 38.24945769459009,
            "min": 4.356173977255821,
            "max": 126.70722967199981,
            "count": 20
        },
        "Shooting.Losses.PolicyLoss.mean": {
            "value": 0.2466669146855974,
            "min": 0.23694544067907103,
            "max": 0.25034894824341364,
            "count": 20
        },
        "Shooting.Losses.PolicyLoss.sum": {
            "value": 9.3733427580527,
            "min": 3.2198280968454496,
            "max": 10.145607096131975,
            "count": 20
        },
        "Shooting.Losses.ValueLoss.mean": {
            "value": 0.04706468142930864,
            "min": 0.02083393625004434,
            "max": 0.1291720085883811,
            "count": 20
        },
        "Shooting.Losses.ValueLoss.sum": {
            "value": 1.7884578943137284,
            "min": 0.27084117125057644,
            "max": 5.097037962504366,
            "count": 20
        },
        "Shooting.Policy.LearningRate.mean": {
            "value": 7.174360766473683e-06,
            "min": 7.174360766473683e-06,
            "max": 0.00029158754126569226,
            "count": 20
        },
        "Shooting.Policy.LearningRate.sum": {
            "value": 0.00027262570912599997,
            "min": 0.00027262570912599997,
            "max": 0.009700620466460001,
            "count": 20
        },
        "Shooting.Policy.Epsilon.mean": {
            "value": 0.10239142105263159,
            "min": 0.10239142105263159,
            "max": 0.19719584615384614,
            "count": 20
        },
        "Shooting.Policy.Epsilon.sum": {
            "value": 3.890874,
            "min": 2.5635459999999997,
            "max": 6.933889000000001,
            "count": 20
        },
        "Shooting.Policy.Beta.mean": {
            "value": 0.0005000000000000001,
            "min": 0.0005,
            "max": 0.0005000000000000002,
            "count": 20
        },
        "Shooting.Policy.Beta.sum": {
            "value": 0.019000000000000003,
            "min": 0.006500000000000002,
            "max": 0.021,
            "count": 20
        },
        "Shooting.Losses.CuriosityForwardLoss.mean": {
            "value": 0.12258221307853416,
            "min": 0.1109320083028615,
            "max": 0.2072287612104115,
            "count": 20
        },
        "Shooting.Losses.CuriosityForwardLoss.sum": {
            "value": 4.658124096984298,
            "min": 2.411324653962266,
            "max": 7.629619989418992,
            "count": 20
        },
        "Shooting.Losses.CuriosityInverseLoss.mean": {
            "value": 1.2744995634391554,
            "min": 1.1910598808943453,
            "max": 3.1864895585590154,
            "count": 20
        },
        "Shooting.Losses.CuriosityInverseLoss.sum": {
            "value": 48.4309834106879,
            "min": 41.4243642612672,
            "max": 83.963460097553,
            "count": 20
        },
        "Shooting.IsTraining.mean": {
            "value": 1.0,
            "min": 1.0,
            "max": 1.0,
            "count": 20
        },
        "Shooting.IsTraining.sum": {
            "value": 1.0,
            "min": 1.0,
            "max": 1.0,
            "count": 20
        }
    },
    "metadata": {
        "timer_format_version": "0.1.0",
        "start_time_seconds": "1683628584",
        "python_version": "3.7.0 (v3.7.0:1bf9cc5093, Jun 27 2018, 04:59:51) [MSC v.1914 64 bit (AMD64)]",
        "command_line_arguments": "D:\\University\\Honours\\Testing\\MLAgents Testing2\\venv\\Scripts\\mlagents-learn config/Shooting.yaml --initialize-from=ConShoot_Start --run-id=ConShoot1",
        "mlagents_version": "0.28.0",
        "mlagents_envs_version": "0.28.0",
        "communication_protocol_version": "1.5.0",
        "pytorch_version": "1.7.1+cu110",
        "numpy_version": "1.21.6",
        "end_time_seconds": "1683629129"
    },
    "total": 544.9583425,
    "count": 1,
    "self": 0.009147499999926367,
    "children": {
        "run_training.setup": {
            "total": 0.06477789999999994,
            "count": 1,
            "self": 0.06477789999999994
        },
        "TrainerController.start_learning": {
            "total": 544.8844171000001,
            "count": 1,
            "self": 0.1071158999977797,
            "children": {
                "TrainerController._reset_env": {
                    "total": 9.0270297,
                    "count": 1,
                    "self": 9.0270297
                },
                "TrainerController.advance": {
                    "total": 535.6378336000024,
                    "count": 6476,
                    "self": 0.09699059999991277,
                    "children": {
                        "env_step": {
                            "total": 55.60785380000147,
                            "count": 6476,
                            "self": 42.829263000000225,