{
    "name": "root",
    "gauges": {
        "Shooting.Policy.Entropy.mean": {
            "value": 1.5933936834335327,
            "min": 1.40712308883667,
            "max": 1.718795895576477,
            "count": 10
        },
        "Shooting.Policy.Entropy.sum": {
            "value": 15933.9365234375,
            "min": 14071.23046875,
            "max": 17634.845703125,
            "count": 10
        },
        "Shooting.Environment.EpisodeLength.mean": {
            "value": 29.28787878787879,
            "min": 9.322348094747683,
            "max": 31.86842105263158,
            "count": 10
        },
        "Shooting.Environment.EpisodeLength.sum": {
            "value": 9665.0,
            "min": 9052.0,
            "max": 9715.0,
            "count": 10
        },
        "Shooting.Step.mean": {
            "value": 99981.0,
            "min": 9981.0,
            "max": 99981.0,
            "count": 10
        },
        "Shooting.Step.sum": {
            "value": 99981.0,
            "min": 9981.0,
            "max": 99981.0,
            "count": 10
        },
        "Shooting.Policy.ExtrinsicValueEstimate.mean": {
            "value": -0.8603892922401428,
            "min": -0.8784607648849487,
            "max": -0.8461698889732361,
            "count": 10
        },
        "Shooting.Policy.ExtrinsicValueEstimate.sum": {
            "value": -283.928466796875,
            "min": -852.10693359375,
            "max": -257.76593017578125,
            "count": 10
        },
        "Shooting.Policy.CuriosityValueEstimate.mean": {
            "value": 1.4167981147766113,
            "min": 1.4167981147766113,
            "max": 3.31860089302063,
            "count": 10
        },
        "Shooting.Policy.CuriosityValueEstimate.sum": {
            "value": 467.54339599609375,
            "min": 454.7766418457031,
            "max": 3219.04296875,
            "count": 10
        },
        "Shooting.Environment.CumulativeReward.mean": {
            "value": -1.0,
            "min": -1.0,
            "max": -1.0,
            "count": 10
        },
        "Shooting.Environment.CumulativeReward.sum": {
            "value": -330.0,
            "min": -970.0,
            "max": -304.0,
            "count": 10
        },
        "Shooting.Policy.ExtrinsicReward.mean": {
            "value": -1.0,
            "min": -1.0,
            "max": -1.0,
            "count": 10
        },
        "Shooting.Policy.ExtrinsicReward.sum": {
            "value": -330.0,
            "min": -970.0,
            "max": -304.0,
            "count": 10
        },
        "Shooting.Policy.CuriosityReward.mean": {
            "value": 0.0941118921520132,
            "min": 0.0941118921520132,
            "max": 0.6696987977424234,
            "count": 10
        },
        "Shooting.Policy.CuriosityReward.sum": {
            "value": 31.056924410164356,
            "min": 30.243110805749893,
            "max": 649.6078338101506,
            "count": 10
        },
        "Shooting.Losses.PolicyLoss.mean": {
            "value": 0.24169048764544565,
            "min": 0.23792133506008442,
            "max": 0.2475019908358876,
            "count": 10
        },
        "Shooting.Losses.PolicyLoss.sum": {
            "value": 19.818619986926542,
            "min": 18.81051430084623,
            "max": 20.42366537894138,
            "count": 10
        },
        "Shooting.Losses.ValueLoss.mean": {
            "value": 0.005703134572027083,
            "min": 0.0035561372561833723,
            "max": 0.0891434538110888,
            "count": 10
        },
        "Shooting.Losses.ValueLoss.sum": {
            "value": 0.4676570349062208,
            "min": 0.29160325500703654,
            "max": 6.864045943453838,
            "count": 10
        },
        "Shooting.Policy.LearningRate.mean": {
            "value": 1.4958899891780492e-05,
            "min": 1.4958899891780492e-05,
            "max": 0.00028358307040737656,
            "count": 10
        },
        "Shooting.Policy.LearningRate.sum": {
            "value": 0.0012266297911260003,
            "min": 0.0012266297911260003,
            "max": 0.021835896421367993,
            "count": 10
        },
        "Shooting.Policy.Epsilon.mean": {
            "value": 0.10498626829268293,
            "min": 0.10498626829268293,
            "max": 0.19452768831168832,
            "count": 10
        },
        "Shooting.Policy.Epsilon.sum": {
            "value": 8.608874,
            "min": 8.608874,
            "max": 15.725731,
            "count": 10
        },
        "Shooting.Policy.Beta.mean": {
            "value": 0.0005000000000000001,
            "min": 0.0005000000000000001,
            "max": 0.0005000000000000001,
            "count": 10
        },
        "Shooting.Policy.Beta.sum": {
            "value": 0.04100000000000001,
            "min": 0.038500000000000006,
            "max": 0.04250000000000001,
            "count": 10
        },
        "Shooting.Losses.CuriosityForwardLoss.mean": {
            "value": 0.05665300055100063,
            "min": 0.05636460840105199,
            "max": 1.93977531710136,
            "count": 10
        },
        "Shooting.Losses.CuriosityForwardLoss.sum": {
            "value": 4.645546045182051,
            "min": 4.621897888886263,
            "max": 149.36269941680473,
            "count": 10
        },
        "Shooting.Losses.CuriosityInverseLoss.mean": {
            "value": 1.1798209805803446,
            "min": 1.007445940223155,
            "max": 2.1429159639875346,
            "count": 10
        },
        "Shooting.Losses.CuriosityInverseLoss.sum": {
            "value": 96.74532040758825,
            "min": 83.61801303852187,
            "max": 165.00452922704017,
            "count": 10
        },
        "Shooting.IsTraining.mean": {
            "value": 1.0,
            "min": 1.0,
            "max": 1.0,
            "count": 10
        },
        "Shooting.IsTraining.sum": {
            "value": 1.0,
            "min": 1.0,
            "max": 1.0,
            "count": 10
        }
    },
    "metadata": {
        "timer_format_version": "0.1.0",
        "start_time_seconds": "1681482042",
        "python_version": "3.7.0 (v3.7.0:1bf9cc5093, Jun 27 2018, 04:59:51) [MSC v.1914 64 bit (AMD64)]",
        "command_line_arguments": "D:\\University\\Honours\\Testing\\MLAgents Testing2\\venv\\Scripts\\mlagents-learn config/Shooting.yaml --initialize-from=NEW_kbmShoot2 --run-id=NEW_kbmShoot3",
        "mlagents_version": "0.28.0",
        "mlagents_envs_version": "0.28.0",
        "communication_protocol_version": "1.5.0",
        "pytorch_version": "1.7.1+cu110",
        "numpy_version": "1.21.6",
        "end_time_seconds": "1681482623"
    },
    "total": 581.0712834,
    "count": 1,
    "self": 0.010608999999931257,
    "children": {
        "run_training.setup": {
            "total": 0.06740389999999996,
            "count": 1,
            "self": 0.06740389999999996
        },
        "TrainerController.start_learning": {
            "total": 580.9932705,
            "count": 1,
            "self": 0.1150942000027726,
            "children": {
                "TrainerController._reset_env": {
                    "total": 11.8973213,
                    "count": 1,
                    "self": 11.8973213
                },
                "TrainerController.advance": {
                    "total": 568.851495299997,
                    "count": 7720,
                    "self": 0.09916419999319714,
                    "children": {
                        "env_step": {
                            "total": 83.56573850000294,
                            "count": 7720,
                            "self": 67.42764230000387,
                            "children": {
                                "SubprocessEnvManager._take_step": {
                                    "total": 16.07407609999776,
                                    "count": 7720,