{
    "name": "root",
    "gauges": {
        "MoveWithSensor.Policy.Entropy.mean": {
            "value": 1.0051265954971313,
            "min": 1.0051265954971313,
            "max": 1.6430963277816772,
            "count": 10
        },
        "MoveWithSensor.Policy.Entropy.sum": {
            "value": 9930.650390625,
            "min": 9930.650390625,
            "max": 16759.58203125,
            "count": 10
        },
        "MoveWithSensor.Environment.EpisodeLength.mean": {
            "value": 89.95454545454545,
            "min": 20.008438818565402,
            "max": 303.93939393939394,
            "count": 10
        },
        "MoveWithSensor.Environment.EpisodeLength.sum": {
            "value": 9895.0,
            "min": 8255.0,
            "max": 11313.0,
            "count": 10
        },
        "MoveWithSensor.Step.mean": {
            "value": 99966.0,
            "min": 9958.0,
            "max": 99966.0,
            "count": 10
        },
        "MoveWithSensor.Step.sum": {
            "value": 99966.0,
            "min": 9958.0,
            "max": 99966.0,
            "count": 10
        },
        "MoveWithSensor.Policy.ExtrinsicValueEstimate.mean": {
            "value": 0.5635894536972046,
            "min": -0.8689500689506531,
            "max": 0.584895133972168,
            "count": 10
        },
        "MoveWithSensor.Policy.ExtrinsicValueEstimate.sum": {
            "value": 117.79019165039062,
            "min": -414.48919677734375,
            "max": 122.24308776855469,
            "count": 10
        },
        "MoveWithSensor.Policy.CuriosityValueEstimate.mean": {
            "value": 4.910265922546387,
            "min": 0.12240651994943619,
            "max": 4.910265922546387,
            "count": 10
        },
        "MoveWithSensor.Policy.CuriosityValueEstimate.sum": {
            "value": 1026.24560546875,
            "min": 21.788360595703125,
            "max": 1026.24560546875,
            "count": 10
        },
        "MoveWithSensor.Environment.CumulativeReward.mean": {
            "value": 0.7454545454545455,
            "min": -1.0,
            "max": 0.7454545454545455,
            "count": 10
        },
        "MoveWithSensor.Environment.CumulativeReward.sum": {
            "value": 82.0,
            "min": -470.0,
            "max": 82.0,
            "count": 10
        },
        "MoveWithSensor.Policy.ExtrinsicReward.mean": {
            "value": 0.7454545454545455,
            "min": -1.0,
            "max": 0.7454545454545455,
            "count": 10
        },
        "MoveWithSensor.Policy.ExtrinsicReward.sum": {
            "value": 82.0,
            "min": -470.0,
            "max": 82.0,
            "count": 10
        },
        "MoveWithSensor.Policy.CuriosityReward.mean": {
            "value": 0.2253712023185058,
            "min": 0.14640468061127493,
            "max": 0.9328601246285769,
            "count": 10
        },
        "MoveWithSensor.Policy.CuriosityReward.sum": {
            "value": 24.79083225503564,
            "min": 19.972742571262643,
            "max": 69.39581860974431,
            "count": 10
        },
        "MoveWithSensor.Losses.PolicyLoss.mean": {
            "value": 0.2412879068245665,
            "min": 0.23861940694316536,
            "max": 0.24803424332668977,
            "count": 10
        },
        "MoveWithSensor.Losses.PolicyLoss.sum": {
            "value": 18.337880918667054,
            "min": 17.362397032868284,
            "max": 19.75427484862594,
            "count": 10
        },
        "MoveWithSensor.Losses.ValueLoss.mean": {
            "value": 0.14010282743562796,
            "min": 0.008951635345059621,
            "max": 0.14010282743562796,
            "count": 10
        },
        "MoveWithSensor.Losses.ValueLoss.sum": {
            "value": 10.647814885107726,
            "min": 0.6624210155344119,
            "max": 10.647814885107726,
            "count": 10
        },
        "MoveWithSensor.Policy.LearningRate.mean": {
            "value": 1.5255765967407893e-05,
            "min": 1.5255765967407893e-05,
            "max": 0.0002852451268695122,
            "count": 10
        },
        "MoveWithSensor.Policy.LearningRate.sum": {
            "value": 0.001159438213523,
            "min": 0.001159438213523,
            "max": 0.023390100403299998,
            "count": 10
        },
        "MoveWithSensor.Policy.Epsilon.mean": {
            "value": 0.10508522368421054,
            "min": 0.10508522368421054,
            "max": 0.19508170731707317,
            "count": 10
        },
        "MoveWithSensor.Policy.Epsilon.sum": {
            "value": 7.986477000000001,
            "min": 7.986477000000001,
            "max": 15.9967,
            "count": 10
        },
        "MoveWithSensor.Policy.Beta.mean": {
            "value": 0.0005000000000000001,
            "min": 0.0005,
            "max": 0.0005000000000000001,
            "count": 10
        },
        "MoveWithSensor.Policy.Beta.sum": {
            "value": 0.038000000000000006,
            "min": 0.035,
            "max": 0.04100000000000001,
            "count": 10
        },
        "MoveWithSensor.Losses.CuriosityForwardLoss.mean": {
            "value": 0.10457563866344408,
            "min": 0.07988871486487485,
            "max": 0.3617226489346334,
            "count": 10
        },
        "MoveWithSensor.Losses.CuriosityForwardLoss.sum": {
            "value": 7.94774853842175,
            "min": 5.911764900000739,
            "max": 29.66125721263994,
            "count": 10
        },
        "MoveWithSensor.Losses.CuriosityInverseLoss.mean": {
            "value": 0.4098009705310823,
            "min": 0.2995361704314815,
            "max": 1.6159104752744378,
            "count": 10
        },
        "MoveWithSensor.Losses.CuriosityInverseLoss.sum": {
            "value": 31.144873760362252,
            "min": 22.165676611929634,
            "max": 132.5046589725039,
            "count": 10
        },
        "MoveWithSensor.IsTraining.mean": {
            "value": 1.0,
            "min": 1.0,
            "max": 1.0,
            "count": 10
        },
        "MoveWithSensor.IsTraining.sum": {
            "value": 1.0,
            "min": 1.0,
            "max": 1.0,
            "count": 10
        }
    },
    "metadata": {
        "timer_format_version": "0.1.0",
        "start_time_seconds": "1679506885",
        "python_version": "3.7.0 (v3.7.0:1bf9cc5093, Jun 27 2018, 04:59:51) [MSC v.1914 64 bit (AMD64)]",
        "command_line_arguments": "D:\\University\\Honours\\Testing\\MLAgents Testing2\\venv\\Scripts\\mlagents-learn config/moveWithSensor.yaml --initialize-from=KbmMovement1 --run-id=KbmMovement2",
        "mlagents_version": "0.28.0",
        "mlagents_envs_version": "0.28.0",
        "communication_protocol_version": "1.5.0",
        "pytorch_version": "1.7.1+cu110",
        "numpy_version": "1.21.6",
        "end_time_seconds": "1679507292"
    },
    "total": 407.6309726,
    "count": 1,
    "self": 0.0055979000000547785,
    "children": {
        "run_training.setup": {
            "total": 0.06690030000000013,
            "count": 1,
            "self": 0.06690030000000013
        },
        "TrainerController.start_learning": {
            "total": 407.55847439999997,
            "count": 1,
            "self": 0.0851218000000813,
            "children": {
                "TrainerController._reset_env": {
                    "total": 10.9268157,
                    "count": 1,
                    "self": 10.9268157
                },
                "TrainerController.advance": {
                    "total": 396.4899805999998,
                    "count": 5564,
                    "self": 0.07526030000082073,
                    "children": {
                        "env_step": {
                            "total": 40.09029779999851,
                            "count": 5564,