{
    "name": "root",
    "gauges": {
        "MoveWithSensor.Policy.Entropy.mean": {
            "value": 1.1471809148788452,
            "min": 1.1198720932006836,
            "max": 1.5437469482421875,
            "count": 10
        },
        "MoveWithSensor.Policy.Entropy.sum": {
            "value": 11540.6396484375,
            "min": 11189.4208984375,
            "max": 15684.46875,
            "count": 10
        },
        "MoveWithSensor.Environment.EpisodeLength.mean": {
            "value": 178.37735849056602,
            "min": 105.0,
            "max": 269.9268292682927,
            "count": 10
        },
        "MoveWithSensor.Environment.EpisodeLength.sum": {
            "value": 9454.0,
            "min": 8190.0,
            "max": 11067.0,
            "count": 10
        },
        "MoveWithSensor.Step.mean": {
            "value": 99994.0,
            "min": 9996.0,
            "max": 99994.0,
            "count": 10
        },
        "MoveWithSensor.Step.sum": {
            "value": 99994.0,
            "min": 9996.0,
            "max": 99994.0,
            "count": 10
        },
        "MoveWithSensor.Policy.ExtrinsicValueEstimate.mean": {
            "value": 0.3280723989009857,
            "min": -0.5332267880439758,
            "max": 0.35249584913253784,
            "count": 10
        },
        "MoveWithSensor.Policy.ExtrinsicValueEstimate.sum": {
            "value": 62.00568389892578,
            "min": -104.512451171875,
            "max": 65.9167251586914,
            "count": 10
        },
        "MoveWithSensor.Policy.CuriosityValueEstimate.mean": {
            "value": 3.135937213897705,
            "min": 0.4548990726470947,
            "max": 3.4704883098602295,
            "count": 10
        },
        "MoveWithSensor.Policy.CuriosityValueEstimate.sum": {
            "value": 592.692138671875,
            "min": 82.33673095703125,
            "max": 652.4517822265625,
            "count": 10
        },
        "MoveWithSensor.Environment.CumulativeReward.mean": {
            "value": 0.6792452830188679,
            "min": -0.8820512822041144,
            "max": 0.6964285714285714,
            "count": 10
        },
        "MoveWithSensor.Environment.CumulativeReward.sum": {
            "value": 36.0,
            "min": -68.80000001192093,
            "max": 39.0,
            "count": 10
        },
        "MoveWithSensor.Policy.ExtrinsicReward.mean": {
            "value": 0.6792452830188679,
            "min": -0.8820512822041144,
            "max": 0.6964285714285714,
            "count": 10
        },
        "MoveWithSensor.Policy.ExtrinsicReward.sum": {
            "value": 36.0,
            "min": -68.80000001192093,
            "max": 39.0,
            "count": 10
        },
        "MoveWithSensor.Policy.CuriosityReward.mean": {
            "value": 0.6760129446706313,
            "min": 0.6418884959670582,
            "max": 1.5184449975689251,
            "count": 10
        },
        "MoveWithSensor.Policy.CuriosityReward.sum": {
            "value": 35.82868606754346,
            "min": 33.466057455167174,
            "max": 118.43870981037617,
            "count": 10
        },
        "MoveWithSensor.Losses.PolicyLoss.mean": {
            "value": 0.24349082109029752,
            "min": 0.2407077136765085,
            "max": 0.24915719756953122,
            "count": 10
        },
        "MoveWithSensor.Losses.PolicyLoss.sum": {
            "value": 17.53133911850142,
            "min": 15.468738574243332,
            "max": 18.686789817714843,
            "count": 10
        },
        "MoveWithSensor.Losses.ValueLoss.mean": {
            "value": 0.33808683670171535,
            "min": 0.019617786395059365,
            "max": 0.41832347276595644,
            "count": 10
        },
        "MoveWithSensor.Losses.ValueLoss.sum": {
            "value": 24.342252242523507,
            "min": 1.4124806204442744,
            "max": 30.955936984680775,
            "count": 10
        },
        "MoveWithSensor.Policy.LearningRate.mean": {
            "value": 1.492084502641667e-05,
            "min": 1.492084502641667e-05,
            "max": 0.0002833799117900312,
            "count": 10
        },
        "MoveWithSensor.Policy.LearningRate.sum": {
            "value": 0.0010743008419020002,
            "min": 0.0010743008419020002,
            "max": 0.019144978118340997,
            "count": 10
        },
        "MoveWithSensor.Policy.Epsilon.mean": {
            "value": 0.10497358333333334,
            "min": 0.10497358333333334,
            "max": 0.19445996875000002,
            "count": 10
        },
        "MoveWithSensor.Policy.Epsilon.sum": {
            "value": 7.558098,
            "min": 7.558098,
            "max": 13.881659000000003,
            "count": 10
        },
        "MoveWithSensor.Policy.Beta.mean": {
            "value": 0.0005,
            "min": 0.0005,
            "max": 0.0005000000000000001,
            "count": 10
        },
        "MoveWithSensor.Policy.Beta.sum": {
            "value": 0.036000000000000004,
            "min": 0.032,
            "max": 0.037500000000000006,
            "count": 10
        },
        "MoveWithSensor.Losses.CuriosityForwardLoss.mean": {
            "value": 0.1446650573104299,
            "min": 0.12445714652357137,
            "max": 0.2763538872943511,
            "count": 10
        },
        "MoveWithSensor.Losses.CuriosityForwardLoss.sum": {
            "value": 10.415884126350953,
            "min": 9.334285989267853,
            "max": 17.68664878683847,
            "count": 10
        },
        "MoveWithSensor.Losses.CuriosityInverseLoss.mean": {
            "value": 0.6686951528092605,
            "min": 0.3449602375310423,
            "max": 0.8783719877198324,
            "count": 10
        },
        "MoveWithSensor.Losses.CuriosityInverseLoss.sum": {
            "value": 48.14605100226676,
            "min": 25.872017814828173,
            "max": 64.9995270912676,
            "count": 10
        },
        "MoveWithSensor.IsTraining.mean": {
            "value": 1.0,
            "min": 1.0,
            "max": 1.0,
            "count": 10
        },
        "MoveWithSensor.IsTraining.sum": {
            "value": 1.0,
            "min": 1.0,
            "max": 1.0,
            "count": 10
        }
    },
    "metadata": {
        "timer_format_version": "0.1.0",
        "start_time_seconds": "1680103935",
        "python_version": "3.7.0 (v3.7.0:1bf9cc5093, Jun 27 2018, 04:59:51) [MSC v.1914 64 bit (AMD64)]",
        "command_line_arguments": "D:\\University\\Honours\\Testing\\MLAgents Testing2\\venv\\Scripts\\mlagents-learn config/moveWithSensor.yaml --initialize-from=KbmMovement2 --run-id=KbmMovement_WithWalls1",
        "mlagents_version": "0.28.0",
        "mlagents_envs_version": "0.28.0",
        "communication_protocol_version": "1.5.0",
        "pytorch_version": "1.7.1+cu110",
        "numpy_version": "1.21.6",
        "end_time_seconds": "1680104327"
    },
    "total": 391.3263996,
    "count": 1,
    "self": 0.009222600000043712,
    "children": {
        "run_training.setup": {
            "total": 0.10983409999999993,
            "count": 1,
            "self": 0.10983409999999993
        },
        "TrainerController.start_learning": {
            "total": 391.20734289999996,
            "count": 1,
            "self": 0.0829577000014865,
            "children": {
                "TrainerController._reset_env": {
                    "total": 8.680043699999999,
                    "count": 1,
                    "self": 8.680043699999999
                },
                "TrainerController.advance": {
                    "total": 382.3516454999985,
                    "count": 5356,
                    "self": 0.07929240000117943,
                    "children": {
                        "env_step": {
                            "total": 38.305365299998655,