{
    "name": "root",
    "gauges": {
        "Shooting.Policy.Entropy.mean": {
            "value": 2.0450620651245117,
            "min": 2.043290853500366,
            "max": 3.1405670642852783,
            "count": 10
        },
        "Shooting.Policy.Entropy.sum": {
            "value": 20409.71875,
            "min": 20409.71875,
            "max": 30813.283203125,
            "count": 10
        },
        "Shooting.Environment.EpisodeLength.mean": {
            "value": 10.05849889624724,
            "min": 10.031973539140022,
            "max": 139.8181818181818,
            "count": 10
        },
        "Shooting.Environment.EpisodeLength.sum": {
            "value": 9113.0,
            "min": 7807.0,
            "max": 10991.0,
            "count": 10
        },
        "Shooting.Step.mean": {
            "value": 99999.0,
            "min": 9981.0,
            "max": 99999.0,
            "count": 10
        },
        "Shooting.Step.sum": {
            "value": 99999.0,
            "min": 9981.0,
            "max": 99999.0,
            "count": 10
        },
        "Shooting.Policy.ExtrinsicValueEstimate.mean": {
            "value": 0.9468718767166138,
            "min": -0.09262100607156754,
            "max": 0.9471664428710938,
            "count": 10
        },
        "Shooting.Policy.ExtrinsicValueEstimate.sum": {
            "value": 856.9190673828125,
            "min": -18.338958740234375,
            "max": 858.1328125,
            "count": 10
        },
        "Shooting.Policy.CuriosityValueEstimate.mean": {
            "value": 1.2771726846694946,
            "min": 0.4570252299308777,
            "max": 1.2771726846694946,
            "count": 10
        },
        "Shooting.Policy.CuriosityValueEstimate.sum": {
            "value": 1155.84130859375,
            "min": 85.92074584960938,
            "max": 1155.84130859375,
            "count": 10
        },
        "Shooting.Environment.CumulativeReward.mean": {
            "value": 1.0,
            "min": 0.03225806451612903,
            "max": 1.0,
            "count": 10
        },
        "Shooting.Environment.CumulativeReward.sum": {
            "value": 905.0,
            "min": 2.0,
            "max": 906.0,
            "count": 10
        },
        "Shooting.Policy.ExtrinsicReward.mean": {
            "value": 1.0,
            "min": 0.03225806451612903,
            "max": 1.0,
            "count": 10
        },
        "Shooting.Policy.ExtrinsicReward.sum": {
            "value": 905.0,
            "min": 2.0,
            "max": 906.0,
            "count": 10
        },
        "Shooting.Policy.CuriosityReward.mean": {
            "value": 0.0706559535424683,
            "min": 0.0706559535424683,
            "max": 1.292872380078226,
            "count": 10
        },
        "Shooting.Policy.CuriosityReward.sum": {
            "value": 63.94363795593381,
            "min": 42.471378887072206,
            "max": 99.5511732660234,
            "count": 10
        },
        "Shooting.Losses.PolicyLoss.mean": {
            "value": 0.24642487772661545,
            "min": 0.23888981064081416,
            "max": 0.24642487772661545,
            "count": 10
        },
        "Shooting.Losses.PolicyLoss.sum": {
            "value": 20.699689729035697,
            "min": 16.60561457253002,
            "max": 20.699689729035697,
            "count": 10
        },
        "Shooting.Losses.ValueLoss.mean": {
            "value": 0.0006516456166740233,
            "min": 0.0005034313552259058,
            "max": 0.02815716849022826,
            "count": 10
        },
        "Shooting.Losses.ValueLoss.sum": {
            "value": 0.05473823180061796,
            "min": 0.04077793977329837,
            "max": 2.0836304682768914,
            "count": 10
        },
        "Shooting.Policy.LearningRate.mean": {
            "value": 1.4959166442214285e-05,
            "min": 1.4959166442214285e-05,
            "max": 0.00028344424081270587,
            "count": 10
        },
        "Shooting.Policy.LearningRate.sum": {
            "value": 0.0012565699811459999,
            "min": 0.0012565699811459999,
            "max": 0.019274208375263998,
            "count": 10
        },
        "Shooting.Policy.Epsilon.mean": {
            "value": 0.10498635714285712,
            "min": 0.10498635714285712,
            "max": 0.19448141176470587,
            "count": 10
        },
        "Shooting.Policy.Epsilon.sum": {
            "value": 8.818853999999998,
            "min": 8.818853999999998,
            "max": 13.695615,
            "count": 10
        },
        "Shooting.Policy.Beta.mean": {
            "value": 0.0005000000000000001,
            "min": 0.0005,
            "max": 0.0005000000000000001,
            "count": 10
        },
        "Shooting.Policy.Beta.sum": {
            "value": 0.04200000000000001,
            "min": 0.034,
            "max": 0.04250000000000001,
            "count": 10
        },
        "Shooting.Losses.CuriosityForwardLoss.mean": {
            "value": 0.1198272798599781,
            "min": 0.07538256488844354,
            "max": 0.18524627342618863,
            "count": 10
        },
        "Shooting.Losses.CuriosityForwardLoss.sum": {
            "value": 10.06549150823816,
            "min": 5.126014412414161,
            "max": 13.708224233537958,
            "count": 10
        },
        "Shooting.Losses.CuriosityInverseLoss.mean": {
            "value": 1.0213933581216148,
            "min": 1.0213933581216148,
            "max": 1.9702087407123732,
            "count": 10
        },
        "Shooting.Losses.CuriosityInverseLoss.sum": {
            "value": 85.79704208221564,
            "min": 82.96454457714825,
            "max": 140.4034830027652,
            "count": 10
        },
        "Shooting.IsTraining.mean": {
            "value": 1.0,
            "min": 1.0,
            "max": 1.0,
            "count": 10
        },
        "Shooting.IsTraining.sum": {
            "value": 1.0,
            "min": 1.0,
            "max": 1.0,
            "count": 10
        }
    },
    "metadata": {
        "timer_format_version": "0.1.0",
        "start_time_seconds": "1681475426",
        "python_version": "3.7.0 (v3.7.0:1bf9cc5093, Jun 27 2018, 04:59:51) [MSC v.1914 64 bit (AMD64)]",
        "command_line_arguments": "D:\\University\\Honours\\Testing\\MLAgents Testing2\\venv\\Scripts\\mlagents-learn config/Shooting.yaml --initialize-from=NEW_kbmShootStart --run-id=NEW_kbmShoot1",
        "mlagents_version": "0.28.0",
        "mlagents_envs_version": "0.28.0",
        "communication_protocol_version": "1.5.0",
        "pytorch_version": "1.7.1+cu110",
        "numpy_version": "1.21.6",
        "end_time_seconds": "1681475992"
    },
    "total": 565.9856687,
    "count": 1,
    "self": 0.005717000000004191,
    "children": {
        "run_training.setup": {
            "total": 0.06378839999999997,
            "count": 1,
            "self": 0.06378839999999997
        },
        "TrainerController.start_learning": {
            "total": 565.9161633,
            "count": 1,
            "self": 0.11687300000028245,
            "children": {
                "TrainerController._reset_env": {
                    "total": 4.135135200000001,
                    "count": 1,
                    "self": 4.135135200000001
                },
                "TrainerController.advance": {
                    "total": 561.5850969999997,
                    "count": 8054,
                    "self": 0.10432729999683943,
                    "children": {
                        "env_step": {
                            "total": 77.15329340000253,
                            "count": 8054,
                            "self": 61.947484700000786,
                            "children": {
                                "SubprocessEnvManager._take_step": {
                                    "total": 15.14174769999945,