{
    "name": "root",
    "gauges": {
        "Movement.Policy.Entropy.mean": {
            "value": 1.4348663091659546,
            "min": 1.3985155820846558,
            "max": 1.4348663091659546,
            "count": 10
        },
        "Movement.Policy.Entropy.sum": {
            "value": 7059.54248046875,
            "min": 6565.4892578125,
            "max": 7579.95458984375,
            "count": 10
        },
        "Movement.Environment.EpisodeLength.mean": {
            "value": 20.619718309859156,
            "min": 20.619718309859156,
            "max": 41.10236220472441,
            "count": 10
        },
        "Movement.Environment.EpisodeLength.sum": {
            "value": 4392.0,
            "min": 4066.0,
            "max": 5438.0,
            "count": 10
        },
        "Movement.Step.mean": {
            "value": 49994.0,
            "min": 4970.0,
            "max": 49994.0,
            "count": 10
        },
        "Movement.Step.sum": {
            "value": 49994.0,
            "min": 4970.0,
            "max": 49994.0,
            "count": 10
        },
        "Movement.Policy.ExtrinsicValueEstimate.mean": {
            "value": 0.8458332419395447,
            "min": 0.496121883392334,
            "max": 0.8721737265586853,
            "count": 10
        },
        "Movement.Policy.ExtrinsicValueEstimate.sum": {
            "value": 192.004150390625,
            "min": 74.9144058227539,
            "max": 192.004150390625,
            "count": 10
        },
        "Movement.Policy.CuriosityValueEstimate.mean": {
            "value": 0.23523730039596558,
            "min": -0.006088465452194214,
            "max": 11.660177230834961,
            "count": 10
        },
        "Movement.Policy.CuriosityValueEstimate.sum": {
            "value": 53.398868560791016,
            "min": -0.9193582534790039,
            "max": 2063.851318359375,
            "count": 10
        },
        "Movement.Environment.CumulativeReward.mean": {
            "value": 1.0,
            "min": 0.6885245901639344,
            "max": 1.0,
            "count": 10
        },
        "Movement.Environment.CumulativeReward.sum": {
            "value": 213.0,
            "min": 84.0,
            "max": 213.0,
            "count": 10
        },
        "Movement.Policy.ExtrinsicReward.mean": {
            "value": 1.0,
            "min": 0.6885245901639344,
            "max": 1.0,
            "count": 10
        },
        "Movement.Policy.ExtrinsicReward.sum": {
            "value": 213.0,
            "min": 84.0,
            "max": 213.0,
            "count": 10
        },
        "Movement.Policy.CuriosityReward.mean": {
            "value": 0.05242058538291778,
            "min": 0.045117374882331404,
            "max": 0.1090881095964878,
            "count": 10
        },
        "Movement.Policy.CuriosityReward.sum": {
            "value": 11.165584686561488,
            "min": 8.953709114575759,
            "max": 17.563185645034537,
            "count": 10
        },
        "Movement.Losses.PolicyLoss.mean": {
            "value": 0.2400032983046771,
            "min": 0.23655109432116783,
            "max": 0.248560134675277,
            "count": 10
        },
        "Movement.Losses.PolicyLoss.sum": {
            "value": 9.84013523049176,
            "min": 9.474720110524176,
            "max": 10.190965521686357,
            "count": 10
        },
        "Movement.Losses.ValueLoss.mean": {
            "value": 0.005968324141218235,
            "min": 0.00517529044980455,
            "max": 1.0543265090649998,
            "count": 10
        },
        "Movement.Losses.ValueLoss.sum": {
            "value": 0.24470128978994762,
            "min": 0.21218690844198657,
            "max": 41.11873385353499,
            "count": 10
        },
        "Movement.Policy.LearningRate.mean": {
            "value": 1.5166924212682929e-05,
            "min": 1.5166924212682929e-05,
            "max": 0.000285313389510923,
            "count": 10
        },
        "Movement.Policy.LearningRate.sum": {
            "value": 0.0006218438927200001,
            "min": 0.0006218438927200001,
            "max": 0.011127222190925998,
            "count": 10
        },
        "Movement.Policy.Epsilon.mean": {
            "value": 0.10505560975609757,
            "min": 0.10505560975609757,
            "max": 0.19510446153846156,
            "count": 10
        },
        "Movement.Policy.Epsilon.sum": {
            "value": 4.30728,
            "min": 4.30728,
            "max": 7.609074000000001,
            "count": 10
        },
        "Movement.Policy.Beta.mean": {
            "value": 0.0005000000000000001,
            "min": 0.0005,
            "max": 0.0005000000000000001,
            "count": 10
        },
        "Movement.Policy.Beta.sum": {
            "value": 0.020500000000000004,
            "min": 0.019500000000000003,
            "max": 0.021000000000000005,
            "count": 10
        },
        "Movement.Losses.CuriosityForwardLoss.mean": {
            "value": 0.09940015731823809,
            "min": 0.06759904289200332,
            "max": 0.15953065574413156,
            "count": 10
        },
        "Movement.Losses.CuriosityForwardLoss.sum": {
            "value": 4.075406450047762,
            "min": 2.771560758572136,
            "max": 6.221695574021131,
            "count": 10
        },
        "Movement.Losses.CuriosityInverseLoss.mean": {
            "value": 1.1548235002394238,
            "min": 1.018970904903283,
            "max": 5.743606689543968,
            "count": 10
        },
        "Movement.Losses.CuriosityInverseLoss.sum": {
            "value": 47.347763509816374,
            "min": 42.79677800593788,
            "max": 224.00066089221477,
            "count": 10
        },
        "Movement.IsTraining.mean": {
            "value": 1.0,
            "min": 1.0,
            "max": 1.0,
            "count": 10
        },
        "Movement.IsTraining.sum": {
            "value": 1.0,
            "min": 1.0,
            "max": 1.0,
            "count": 10
        }
    },
    "metadata": {
        "timer_format_version": "0.1.0",
        "start_time_seconds": "1683387609",
        "python_version": "3.7.0 (v3.7.0:1bf9cc5093, Jun 27 2018, 04:59:51) [MSC v.1914 64 bit (AMD64)]",
        "command_line_arguments": "D:\\University\\Honours\\Testing\\MLAgents Testing2\\venv\\Scripts\\mlagents-learn config/Movement.yaml --initialize-from=ConMovement_Start --run-id=ConMovement1",
        "mlagents_version": "0.28.0",
        "mlagents_envs_version": "0.28.0",
        "communication_protocol_version": "1.5.0",
        "pytorch_version": "1.7.1+cu110",
        "numpy_version": "1.21.6",
        "end_time_seconds": "1683387807"
    },
    "total": 197.4836122,
    "count": 1,
    "self": 0.006053500000007261,
    "children": {
        "run_training.setup": {
            "total": 0.0639691,
            "count": 1,
            "self": 0.0639691
        },
        "TrainerController.start_learning": {
            "total": 197.4135896,
            "count": 1,
            "self": 0.05867329999975368,
            "children": {
                "TrainerController._reset_env": {
                    "total": 6.5390092,
                    "count": 1,
                    "self": 6.5390092
                },
                "TrainerController.advance": {
                    "total": 190.76494260000024,
                    "count": 3789,
                    "self": 0.04707330000022125,
                    "children": {
                        "env_step": {
                            "total": 20.137298200000338,
                            "count": 3789,
                            "self": 16.892471200000273,
                            "children": {
                                "SubprocessEnvManager._take_step": {
                                    "total": 3.214530299999528,