{
    "name": "root",
    "gauges": {
        "MoveWithSensor.Policy.Entropy.mean": {
            "value": 1.414348840713501,
            "min": 1.3954734802246094,
            "max": 4.124968528747559,
            "count": 7
        },
        "MoveWithSensor.Policy.Entropy.sum": {
            "value": 14171.775390625,
            "min": 13898.916015625,
            "max": 41744.68359375,
            "count": 7
        },
        "MoveWithSensor.Environment.EpisodeLength.mean": {
            "value": 9.403746097814777,
            "min": 9.301750772399588,
            "max": 22.505854800936767,
            "count": 7
        },
        "MoveWithSensor.Environment.EpisodeLength.sum": {
            "value": 9037.0,
            "min": 9032.0,
            "max": 9610.0,
            "count": 7
        },
        "MoveWithSensor.Step.mean": {
            "value": 69999.0,
            "min": 9995.0,
            "max": 69999.0,
            "count": 7
        },
        "MoveWithSensor.Step.sum": {
            "value": 69999.0,
            "min": 9995.0,
            "max": 69999.0,
            "count": 7
        },
        "MoveWithSensor.Policy.ExtrinsicValueEstimate.mean": {
            "value": 0.8907832503318787,
            "min": 0.7187376618385315,
            "max": 0.9234097599983215,
            "count": 7
        },
        "MoveWithSensor.Policy.ExtrinsicValueEstimate.sum": {
            "value": 856.9334716796875,
            "min": 342.119140625,
            "max": 884.293212890625,
            "count": 7
        },
        "MoveWithSensor.Policy.CuriosityValueEstimate.mean": {
            "value": 0.8997222781181335,
            "min": 0.7306773066520691,
            "max": 1.9293876886367798,
            "count": 7
        },
        "MoveWithSensor.Policy.CuriosityValueEstimate.sum": {
            "value": 865.5328369140625,
            "min": 347.8023986816406,
            "max": 1607.179931640625,
            "count": 7
        },
        "MoveWithSensor.Environment.CumulativeReward.mean": {
            "value": 0.9584199584199584,
            "min": 0.933806146572104,
            "max": 0.9844097995545658,
            "count": 7
        },
        "MoveWithSensor.Environment.CumulativeReward.sum": {
            "value": 922.0,
            "min": 395.0,
            "max": 942.0,
            "count": 7
        },
        "MoveWithSensor.Policy.ExtrinsicReward.mean": {
            "value": 0.9584199584199584,
            "min": 0.933806146572104,
            "max": 0.9844097995545658,
            "count": 7
        },
        "MoveWithSensor.Policy.ExtrinsicReward.sum": {
            "value": 922.0,
            "min": 395.0,
            "max": 942.0,
            "count": 7
        },
        "MoveWithSensor.Policy.CuriosityReward.mean": {
            "value": 0.006260876975234273,
            "min": 0.005959261112159944,
            "max": 0.09992914435871487,
            "count": 7
        },
        "MoveWithSensor.Policy.CuriosityReward.sum": {
            "value": 6.02296365017537,
            "min": 5.7804832787951455,
            "max": 42.27002806373639,
            "count": 7
        },
        "MoveWithSensor.Losses.PolicyLoss.mean": {
            "value": 0.24277635958528537,
            "min": 0.2373724119145418,
            "max": 0.2523590342379813,
            "count": 7
        },
        "MoveWithSensor.Losses.PolicyLoss.sum": {
            "value": 20.39321420516397,
            "min": 19.431645636324557,
            "max": 21.167042948112908,
            "count": 7
        },
        "MoveWithSensor.Losses.ValueLoss.mean": {
            "value": 0.021561537893895925,
            "min": 0.014107117116638165,
            "max": 0.031887380838091825,
            "count": 7
        },
        "MoveWithSensor.Losses.ValueLoss.sum": {
            "value": 1.8111691830872576,
            "min": 1.1849978377976058,
            "max": 2.710427371237805,
            "count": 7
        },
        "MoveWithSensor.Policy.LearningRate.mean": {
            "value": 0.00010488242218207142,
            "min": 0.00010488242218207142,
            "max": 0.0002841747325478182,
            "count": 7
        },
        "MoveWithSensor.Policy.LearningRate.sum": {
            "value": 0.008810123463294,
            "min": 0.008810123463294,
            "max": 0.021881454406182,
            "count": 7
        },
        "MoveWithSensor.Policy.Epsilon.mean": {
            "value": 0.13496078571428574,
            "min": 0.13496078571428574,
            "max": 0.19472490909090912,
            "count": 7
        },
        "MoveWithSensor.Policy.Epsilon.sum": {
            "value": 11.336706000000003,
            "min": 11.336706000000003,
            "max": 15.725840999999999,
            "count": 7
        },
        "MoveWithSensor.Policy.Beta.mean": {
            "value": 0.0005000000000000001,
            "min": 0.0005000000000000001,
            "max": 0.0005000000000000001,
            "count": 7
        },
        "MoveWithSensor.Policy.Beta.sum": {
            "value": 0.04200000000000001,
            "min": 0.038500000000000006,
            "max": 0.04350000000000001,
            "count": 7
        },
        "MoveWithSensor.Losses.CuriosityForwardLoss.mean": {
            "value": 0.021709695693543443,
            "min": 0.021709695693543443,
            "max": 0.2017781805598572,
            "count": 7
        },
        "MoveWithSensor.Losses.CuriosityForwardLoss.sum": {
            "value": 1.8236144382576491,
            "min": 1.8236144382576491,
            "max": 15.536919903109004,
            "count": 7
        },
        "MoveWithSensor.Losses.CuriosityInverseLoss.mean": {
            "value": 0.3095220736125827,
            "min": 0.27533196735013316,
            "max": 2.957282103095273,
            "count": 7
        },
        "MoveWithSensor.Losses.CuriosityInverseLoss.sum": {
            "value": 25.99985418345695,
            "min": 23.403217224761317,
            "max": 227.710721938336,
            "count": 7
        },
        "MoveWithSensor.IsTraining.mean": {
            "value": 1.0,
            "min": 1.0,
            "max": 1.0,
            "count": 7
        },
        "MoveWithSensor.IsTraining.sum": {
            "value": 1.0,
            "min": 1.0,
            "max": 1.0,
            "count": 7
        }
    },
    "metadata": {
        "timer_format_version": "0.1.0",
        "start_time_seconds": "1678895760",
        "python_version": "3.7.0 (v3.7.0:1bf9cc5093, Jun 27 2018, 04:59:51) [MSC v.1914 64 bit (AMD64)]",
        "command_line_arguments": "D:\\University\\Honours\\Testing\\MLAgents Testing2\\venv\\Scripts\\mlagents-learn config/MoveWithSensor.yaml --run-id=StartKbmShooting",
        "mlagents_version": "0.28.0",
        "mlagents_envs_version": "0.28.0",
        "communication_protocol_version": "1.5.0",
        "pytorch_version": "1.7.1+cu110",
        "numpy_version": "1.21.6",
        "end_time_seconds": "1678896266"
    },
    "total": 505.1278057,
    "count": 1,
    "self": 0.003985800000009476,
    "children": {
        "run_training.setup": {
            "total": 0.0694863,
            "count": 1,
            "self": 0.0694863
        },
        "TrainerController.start_learning": {
            "total": 505.0543336,
            "count": 1,
            "self": 0.10313829999927293,
            "children": {
                "TrainerController._reset_env": {
                    "total": 5.205747,
                    "count": 1,
                    "self": 5.205747
                },
                "TrainerController.advance": {
                    "total": 499.6462668000008,
                    "count": 6562,
                    "self": 0.0882340999996245,
                    "children": {
                        "env_step": {
                            "total": 121.07551430000096,
                            "count": 6562,
                            "self": 109.48180589999922,