{
    "name": "root",
    "gauges": {
        "MoveWithSensor.Policy.Entropy.mean": {
            "value": 1.265525460243225,
            "min": 1.2625924348831177,
            "max": 1.3154284954071045,
            "count": 10
        },
        "MoveWithSensor.Policy.Entropy.sum": {
            "value": 12781.8076171875,
            "min": 12350.212890625,
            "max": 13864.6162109375,
            "count": 10
        },
        "MoveWithSensor.Environment.EpisodeLength.mean": {
            "value": 50.65680473372781,
            "min": 33.79752066115702,
            "max": 61.895348837209305,
            "count": 10
        },
        "MoveWithSensor.Environment.EpisodeLength.sum": {
            "value": 8561.0,
            "min": 8179.0,
            "max": 10646.0,
            "count": 10
        },
        "MoveWithSensor.Step.mean": {
            "value": 99989.0,
            "min": 9957.0,
            "max": 99989.0,
            "count": 10
        },
        "MoveWithSensor.Step.sum": {
            "value": 99989.0,
            "min": 9957.0,
            "max": 99989.0,
            "count": 10
        },
        "MoveWithSensor.Policy.ExtrinsicValueEstimate.mean": {
            "value": 0.38501212000846863,
            "min": -0.023474035784602165,
            "max": 0.38501212000846863,
            "count": 10
        },
        "MoveWithSensor.Policy.ExtrinsicValueEstimate.sum": {
            "value": 107.03337097167969,
            "min": -6.948314666748047,
            "max": 107.03337097167969,
            "count": 10
        },
        "MoveWithSensor.Policy.CuriosityValueEstimate.mean": {
            "value": -0.26176372170448303,
            "min": -8.670525550842285,
            "max": 0.9496055245399475,
            "count": 10
        },
        "MoveWithSensor.Policy.CuriosityValueEstimate.sum": {
            "value": -72.77031707763672,
            "min": -2947.978759765625,
            "max": 279.18402099609375,
            "count": 10
        },
        "MoveWithSensor.Environment.CumulativeReward.mean": {
            "value": 0.7041420118343196,
            "min": 0.19402985074626866,
            "max": 0.7041420118343196,
            "count": 10
        },
        "MoveWithSensor.Environment.CumulativeReward.sum": {
            "value": 119.0,
            "min": 34.0,
            "max": 122.0,
            "count": 10
        },
        "MoveWithSensor.Policy.ExtrinsicReward.mean": {
            "value": 0.7041420118343196,
            "min": 0.19402985074626866,
            "max": 0.7041420118343196,
            "count": 10
        },
        "MoveWithSensor.Policy.ExtrinsicReward.sum": {
            "value": 119.0,
            "min": 34.0,
            "max": 122.0,
            "count": 10
        },
        "MoveWithSensor.Policy.CuriosityReward.mean": {
            "value": 0.17792897296176682,
            "min": 0.17792897296176682,
            "max": 0.5082097207876848,
            "count": 10
        },
        "MoveWithSensor.Policy.CuriosityReward.sum": {
            "value": 30.069996430538595,
            "min": 30.069996430538595,
            "max": 107.70211649686098,
            "count": 10
        },
        "MoveWithSensor.Losses.PolicyLoss.mean": {
            "value": 0.24367500751235155,
            "min": 0.2296650312408378,
            "max": 0.24371305494846193,
            "count": 10
        },
        "MoveWithSensor.Losses.PolicyLoss.sum": {
            "value": 18.031950555914015,
            "min": 16.50441697357771,
            "max": 18.961829200555922,
            "count": 10
        },
        "MoveWithSensor.Losses.ValueLoss.mean": {
            "value": 0.029411141175272958,
            "min": 0.005646777912072439,
            "max": 1.7307697910496824,
            "count": 10
        },
        "MoveWithSensor.Losses.ValueLoss.sum": {
            "value": 2.176424446970199,
            "min": 0.42714589558260607,
            "max": 121.15388537347778,
            "count": 10
        },
        "MoveWithSensor.Policy.LearningRate.mean": {
            "value": 1.4918851783837833e-05,
            "min": 1.4918851783837833e-05,
            "max": 0.00028446994803382855,
            "count": 10
        },
        "MoveWithSensor.Policy.LearningRate.sum": {
            "value": 0.0011039950320039997,
            "min": 0.0011039950320039997,
            "max": 0.019912896362368,
            "count": 10
        },
        "MoveWithSensor.Policy.Epsilon.mean": {
            "value": 0.10497291891891893,
            "min": 0.10497291891891893,
            "max": 0.1948233142857143,
            "count": 10
        },
        "MoveWithSensor.Policy.Epsilon.sum": {
            "value": 7.767996,
            "min": 7.767996,
            "max": 13.872882999999998,
            "count": 10
        },
        "MoveWithSensor.Policy.Beta.mean": {
            "value": 0.0005000000000000001,
            "min": 0.0005,
            "max": 0.0005000000000000001,
            "count": 10
        },
        "MoveWithSensor.Policy.Beta.sum": {
            "value": 0.037000000000000005,
            "min": 0.035,
            "max": 0.03950000000000001,
            "count": 10
        },
        "MoveWithSensor.Losses.CuriosityForwardLoss.mean": {
            "value": 0.12508986186094256,
            "min": 0.12508986186094256,
            "max": 0.4660269512151275,
            "count": 10
        },
        "MoveWithSensor.Losses.CuriosityForwardLoss.sum": {
            "value": 9.25664977770975,
            "min": 9.25664977770975,
            "max": 32.621886585058924,
            "count": 10
        },
        "MoveWithSensor.Losses.CuriosityInverseLoss.mean": {
            "value": 0.4280469555236655,
            "min": 0.4280469555236655,
            "max": 1.1151392380524348,
            "count": 10
        },
        "MoveWithSensor.Losses.CuriosityInverseLoss.sum": {
            "value": 31.67547470875125,
            "min": 31.67547470875125,
            "max": 78.05974666367044,
            "count": 10
        },
        "MoveWithSensor.IsTraining.mean": {
            "value": 1.0,
            "min": 1.0,
            "max": 1.0,
            "count": 10
        },
        "MoveWithSensor.IsTraining.sum": {
            "value": 1.0,
            "min": 1.0,
            "max": 1.0,
            "count": 10
        }
    },
    "metadata": {
        "timer_format_version": "0.1.0",
        "start_time_seconds": "1682085426",
        "python_version": "3.7.0 (v3.7.0:1bf9cc5093, Jun 27 2018, 04:59:51) [MSC v.1914 64 bit (AMD64)]",
        "command_line_arguments": "D:\\University\\Honours\\Testing\\MLAgents Testing2\\venv\\Scripts\\mlagents-learn config/moveWithSensor.yaml --initialize-from=ConMovement_Start --run-id=ConMovement1",
        "mlagents_version": "0.28.0",
        "mlagents_envs_version": "0.28.0",
        "communication_protocol_version": "1.5.0",
        "pytorch_version": "1.7.1+cu110",
        "numpy_version": "1.21.6",
        "end_time_seconds": "1682085814"
    },
    "total": 388.74924200000004,
    "count": 1,
    "self": 0.005827800000020034,
    "children": {
        "run_training.setup": {
            "total": 0.06113420000000003,
            "count": 1,
            "self": 0.06113420000000003
        },
        "TrainerController.start_learning": {
            "total": 388.68228,
            "count": 1,
            "self": 0.10031259999976783,
            "children": {
                "TrainerController._reset_env": {
                    "total": 4.5162508,
                    "count": 1,
                    "self": 4.5162508
                },
                "TrainerController.advance": {
                    "total": 384.01500120000026,
                    "count": 6629,
                    "self": 0.08558200000129546,
                    "children": {
                        "env_step": {
                            "total": 39.64979160000058,