{
    "name": "root",
    "gauges": {
        "Movement.Policy.Entropy.mean": {
            "value": 1.3610522747039795,
            "min": 1.319305658340454,
            "max": 1.3678655624389648,
            "count": 20
        },
        "Movement.Policy.Entropy.sum": {
            "value": 6723.59814453125,
            "min": 6475.2490234375,
            "max": 7446.5048828125,
            "count": 20
        },
        "Movement.Environment.EpisodeLength.mean": {
            "value": 15.269480519480519,
            "min": 15.269480519480519,
            "max": 106.64516129032258,
            "count": 20
        },
        "Movement.Environment.EpisodeLength.sum": {
            "value": 4703.0,
            "min": 3199.0,
            "max": 6612.0,
            "count": 20
        },
        "Movement.Step.mean": {
            "value": 99987.0,
            "min": 4999.0,
            "max": 99987.0,
            "count": 20
        },
        "Movement.Step.sum": {
            "value": 99987.0,
            "min": 4999.0,
            "max": 99987.0,
            "count": 20
        },
        "Movement.Policy.ExtrinsicValueEstimate.mean": {
            "value": 0.905170202255249,
            "min": -0.1850741058588028,
            "max": 0.9143092036247253,
            "count": 20
        },
        "Movement.Policy.ExtrinsicValueEstimate.sum": {
            "value": 283.3182678222656,
            "min": -19.802928924560547,
            "max": 284.35015869140625,
            "count": 20
        },
        "Movement.Policy.CuriosityValueEstimate.mean": {
            "value": 0.1265476644039154,
            "min": -0.049791280180215836,
            "max": 1.0096465349197388,
            "count": 20
        },
        "Movement.Policy.CuriosityValueEstimate.sum": {
            "value": 39.60942077636719,
            "min": -6.62224006652832,
            "max": 153.46627807617188,
            "count": 20
        },
        "Movement.Environment.CumulativeReward.mean": {
            "value": 1.0,
            "min": 0.0,
            "max": 1.0,
            "count": 20
        },
        "Movement.Environment.CumulativeReward.sum": {
            "value": 308.0,
            "min": 0.0,
            "max": 311.0,
            "count": 20
        },
        "Movement.Policy.ExtrinsicReward.mean": {
            "value": 1.0,
            "min": 0.0,
            "max": 1.0,
            "count": 20
        },
        "Movement.Policy.ExtrinsicReward.sum": {
            "value": 308.0,
            "min": 0.0,
            "max": 311.0,
            "count": 20
        },
        "Movement.Policy.CuriosityReward.mean": {
            "value": 0.03665481228664874,
            "min": 0.03230693718333813,
            "max": 0.33646518579035095,
            "count": 20
        },
        "Movement.Policy.CuriosityReward.sum": {
            "value": 11.289682184287813,
            "min": 6.634352040826343,
            "max": 14.464039993472397,
            "count": 20
        },
        "Movement.Losses.PolicyLoss.mean": {
            "value": 0.23967587232267135,
            "min": 0.22977074424377264,
            "max": 0.2503445234845516,
            "count": 20
        },
        "Movement.Losses.PolicyLoss.sum": {
            "value": 10.306062509874868,
            "min": 7.88671710539528,
            "max": 10.843631625264027,
            "count": 20
        },
        "Movement.Losses.ValueLoss.mean": {
            "value": 0.00254553964481035,
            "min": 0.0015286960224266519,
            "max": 0.03415456674263559,
            "count": 20
        },
        "Movement.Losses.ValueLoss.sum": {
            "value": 0.10945820472684505,
            "min": 0.06879132100919934,
            "max": 1.0929461357643389,
            "count": 20
        },
        "Movement.Policy.LearningRate.mean": {
            "value": 7.3290277895813945e-06,
            "min": 7.3290277895813945e-06,
            "max": 0.0002916673152775625,
            "count": 20
        },
        "Movement.Policy.LearningRate.sum": {
            "value": 0.000315148194952,
            "min": 0.000315148194952,
            "max": 0.010547622284126,
            "count": 20
        },
        "Movement.Policy.Epsilon.mean": {
            "value": 0.10244297674418604,
            "min": 0.10244297674418604,
            "max": 0.19722243750000001,
            "count": 20
        },
        "Movement.Policy.Epsilon.sum": {
            "value": 4.405048,
            "min": 4.405048,
            "max": 7.315874,
            "count": 20
        },
        "Movement.Policy.Beta.mean": {
            "value": 0.0005000000000000001,
            "min": 0.0005,
            "max": 0.0005000000000000001,
            "count": 20
        },
        "Movement.Policy.Beta.sum": {
            "value": 0.021500000000000005,
            "min": 0.016,
            "max": 0.022500000000000006,
            "count": 20
        },
        "Movement.Losses.CuriosityForwardLoss.mean": {
            "value": 0.09784905105737998,
            "min": 0.04616698188435625,
            "max": 0.13108510834213713,
            "count": 20
        },
        "Movement.Losses.CuriosityForwardLoss.sum": {
            "value": 4.207509195467339,
            "min": 1.7543453116055374,
            "max": 4.207509195467339,
            "count": 20
        },
        "Movement.Losses.CuriosityInverseLoss.mean": {
            "value": 1.1103238005350962,
            "min": 0.6851086963874837,
            "max": 2.38446410291301,
            "count": 20
        },
        "Movement.Losses.CuriosityInverseLoss.sum": {
            "value": 47.743923423009136,
            "min": 23.293695677174448,
            "max": 76.30285129321632,
            "count": 20
        },
        "Movement.IsTraining.mean": {
            "value": 1.0,
            "min": 1.0,
            "max": 1.0,
            "count": 20
        },
        "Movement.IsTraining.sum": {
            "value": 1.0,
            "min": 1.0,
            "max": 1.0,
            "count": 20
        }
    },
    "metadata": {
        "timer_format_version": "0.1.0",
        "start_time_seconds": "1683537897",
        "python_version": "3.7.0 (v3.7.0:1bf9cc5093, Jun 27 2018, 04:59:51) [MSC v.1914 64 bit (AMD64)]",
        "command_line_arguments": "D:\\University\\Honours\\Testing\\MLAgents Testing2\\venv\\Scripts\\mlagents-learn config/Movement.yaml --initialize-from=ConMovement_Start --run-id=ConMovement1",
        "mlagents_version": "0.28.0",
        "mlagents_envs_version": "0.28.0",
        "communication_protocol_version": "1.5.0",
        "pytorch_version": "1.7.1+cu110",
        "numpy_version": "1.21.6",
        "end_time_seconds": "1683538302"
    },
    "total": 405.5849955,
    "count": 1,
    "self": 0.006631700000014007,
    "children": {
        "run_training.setup": {
            "total": 0.06063980000000002,
            "count": 1,
            "self": 0.06063980000000002
        },
        "TrainerController.start_learning": {
            "total": 405.517724,
            "count": 1,
            "self": 0.12252670000134458,
            "children": {
                "TrainerController._reset_env": {
                    "total": 8.2425224,
                    "count": 1,
                    "self": 8.2425224
                },
                "TrainerController.advance": {
                    "total": 397.09729429999874,
                    "count": 7715,
                    "self": 0.1083191000008128,
                    "children": {
                        "env_step": {
                            "total": 40.35382159999956,
                            "count": 7715,
                            "self": 33.93915059999934,
                            "children": {
                                "SubprocessEnvManager._take_step": {
                                    "total": 6.352511599998792,
                                    "count": 7715,