{
    "name": "root",
    "gauges": {
        "Movement.Policy.Entropy.mean": {
            "value": 0.29518160223960876,
            "min": 0.29518160223960876,
            "max": 2.186688184738159,
            "count": 10
        },
        "Movement.Policy.Entropy.sum": {
            "value": 1475.907958984375,
            "min": 1475.907958984375,
            "max": 11589.447265625,
            "count": 10
        },
        "Movement.Environment.EpisodeLength.mean": {
            "value": 8.891732283464567,
            "min": 8.678916827852998,
            "max": 149.38888888888889,
            "count": 10
        },
        "Movement.Environment.EpisodeLength.sum": {
            "value": 4517.0,
            "min": 749.0,
            "max": 8067.0,
            "count": 10
        },
        "Movement.Step.mean": {
            "value": 49997.0,
            "min": 4982.0,
            "max": 49997.0,
            "count": 10
        },
        "Movement.Step.sum": {
            "value": 49997.0,
            "min": 4982.0,
            "max": 49997.0,
            "count": 10
        },
        "Movement.Policy.ExtrinsicValueEstimate.mean": {
            "value": 0.9561092853546143,
            "min": 0.0043521239422261715,
            "max": 0.9593234062194824,
            "count": 10
        },
        "Movement.Policy.ExtrinsicValueEstimate.sum": {
            "value": 483.7912902832031,
            "min": 0.36122629046440125,
            "max": 495.97021484375,
            "count": 10
        },
        "Movement.Policy.CuriosityValueEstimate.mean": {
            "value": 7.855212211608887,
            "min": 0.11827254295349121,
            "max": 7.855212211608887,
            "count": 10
        },
        "Movement.Policy.CuriosityValueEstimate.sum": {
            "value": 3974.7373046875,
            "min": 9.816620826721191,
            "max": 3974.7373046875,
            "count": 10
        },
        "Movement.Environment.CumulativeReward.mean": {
            "value": 1.0,
            "min": 0.7037037037037037,
            "max": 1.0,
            "count": 10
        },
        "Movement.Environment.CumulativeReward.sum": {
            "value": 506.0,
            "min": 7.0,
            "max": 517.0,
            "count": 10
        },
        "Movement.Policy.ExtrinsicReward.mean": {
            "value": 1.0,
            "min": 0.7037037037037037,
            "max": 1.0,
            "count": 10
        },
        "Movement.Policy.ExtrinsicReward.sum": {
            "value": 506.0,
            "min": 7.0,
            "max": 517.0,
            "count": 10
        },
        "Movement.Policy.CuriosityReward.mean": {
            "value": 0.0049699533688412475,
            "min": 0.0049699533688412475,
            "max": 0.16288228778392766,
            "count": 10
        },
        "Movement.Policy.CuriosityReward.sum": {
            "value": 2.514796404633671,
            "min": 0.5242274794727564,
            "max": 26.048691566102207,
            "count": 10
        },
        "Movement.Losses.PolicyLoss.mean": {
            "value": 0.23811988187542224,
            "min": 0.2354418766024248,
            "max": 0.24792940654010304,
            "count": 10
        },
        "Movement.Losses.PolicyLoss.sum": {
            "value": 10.47727480251858,
            "min": 1.9372217674162981,
            "max": 11.084437875726701,
            "count": 10
        },
        "Movement.Losses.ValueLoss.mean": {
            "value": 0.007223856647674707,
            "min": 0.0007527002938523847,
            "max": 0.05523445765494155,
            "count": 10
        },
        "Movement.Losses.ValueLoss.sum": {
            "value": 0.31784969249768713,
            "min": 0.03311881292950493,
            "max": 2.434417126121079,
            "count": 10
        },
        "Movement.Policy.LearningRate.mean": {
            "value": 1.4624004216272726e-05,
            "min": 1.4624004216272726e-05,
            "max": 0.0002818897560367499,
            "count": 10
        },
        "Movement.Policy.LearningRate.sum": {
            "value": 0.000643456185516,
            "min": 0.000643456185516,
            "max": 0.008765563578146002,
            "count": 10
        },
        "Movement.Policy.Epsilon.mean": {
            "value": 0.10487463636363636,
            "min": 0.10487463636363636,
            "max": 0.19396325000000003,
            "count": 10
        },
        "Movement.Policy.Epsilon.sum": {
            "value": 4.614484,
            "min": 1.5517060000000003,
            "max": 7.421854,
            "count": 10
        },
        "Movement.Policy.Beta.mean": {
            "value": 0.0005000000000000001,
            "min": 0.0005,
            "max": 0.0005000000000000001,
            "count": 10
        },
        "Movement.Policy.Beta.sum": {
            "value": 0.022000000000000006,
            "min": 0.004,
            "max": 0.023000000000000007,
            "count": 10
        },
        "Movement.Losses.CuriosityForwardLoss.mean": {
            "value": 0.025198823183195076,
            "min": 0.025198823183195076,
            "max": 0.15470756686052503,
            "count": 10
        },
        "Movement.Losses.CuriosityForwardLoss.sum": {
            "value": 1.1087482200605834,
            "min": 0.41388476136651153,
            "max": 6.170260954563012,
            "count": 10
        },
        "Movement.Losses.CuriosityInverseLoss.mean": {
            "value": 0.01618320110603166,
            "min": 0.01618320110603166,
            "max": 2.176694291869582,
            "count": 10
        },
        "Movement.Losses.CuriosityInverseLoss.sum": {
            "value": 0.7120608486653931,
            "min": 0.7120608486653931,
            "max": 50.03861120745109,
            "count": 10
        },
        "Movement.IsTraining.mean": {
            "value": 1.0,
            "min": 1.0,
            "max": 1.0,
            "count": 10
        },
        "Movement.IsTraining.sum": {
            "value": 1.0,
            "min": 1.0,
            "max": 1.0,
            "count": 10
        }
    },
    "metadata": {
        "timer_format_version": "0.1.0",
        "start_time_seconds": "1683279447",
        "python_version": "3.7.0 (v3.7.0:1bf9cc5093, Jun 27 2018, 04:59:51) [MSC v.1914 64 bit (AMD64)]",
        "command_line_arguments": "D:\\University\\Honours\\Testing\\MLAgents Testing2\\venv\\Scripts\\mlagents-learn config/Movement.yaml --run-id=KbmMovement-Start",
        "mlagents_version": "0.28.0",
        "mlagents_envs_version": "0.28.0",
        "communication_protocol_version": "1.5.0",
        "pytorch_version": "1.7.1+cu110",
        "numpy_version": "1.21.6",
        "end_time_seconds": "1683279668"
    },
    "total": 220.4944148,
    "count": 1,
    "self": 0.005663400000003094,
    "children": {
        "run_training.setup": {
            "total": 0.05937250000000005,
            "count": 1,
            "self": 0.05937250000000005
        },
        "TrainerController.start_learning": {
            "total": 220.4293789,
            "count": 1,
            "self": 0.054099300000416406,
            "children": {
                "TrainerController._reset_env": {
                    "total": 4.4447326,
                    "count": 1,
                    "self": 4.4447326
                },
                "TrainerController.advance": {
                    "total": 215.86977539999953,
                    "count": 3477,
                    "self": 0.04587980000087555,
                    "children": {
                        "env_step": {
                            "total": 22.045667599999646,
                            "count": 3477,
                            "self": 17.261857600000432,
                            "children": {
                                "SubprocessEnvManager._take_step": {
                                    "total": 4.755894399999774,
                                    "count": 3477,