{
    "name": "root",
    "gauges": {
        "Shooting.Policy.Entropy.mean": {
            "value": 3.5338478088378906,
            "min": 3.282017469406128,
            "max": 3.8604581356048584,
            "count": 4
        },
        "Shooting.Policy.Entropy.sum": {
            "value": 17739.916015625,
            "min": 16410.087890625,
            "max": 19688.3359375,
            "count": 4
        },
        "Shooting.Environment.EpisodeLength.mean": {
            "value": 9.015968063872256,
            "min": 8.838899803536346,
            "max": 9.015968063872256,
            "count": 4
        },
        "Shooting.Environment.EpisodeLength.sum": {
            "value": 4517.0,
            "min": 4499.0,
            "max": 4517.0,
            "count": 4
        },
        "Shooting.Step.mean": {
            "value": 19993.0,
            "min": 4998.0,
            "max": 19993.0,
            "count": 4
        },
        "Shooting.Step.sum": {
            "value": 19993.0,
            "min": 4998.0,
            "max": 19993.0,
            "count": 4
        },
        "Shooting.Policy.ExtrinsicValueEstimate.mean": {
            "value": 0.9518607258796692,
            "min": 0.8998672366142273,
            "max": 0.9518607258796692,
            "count": 4
        },
        "Shooting.Policy.ExtrinsicValueEstimate.sum": {
            "value": 474.978515625,
            "min": 457.132568359375,
            "max": 475.90594482421875,
            "count": 4
        },
        "Shooting.Policy.CuriosityValueEstimate.mean": {
            "value": -0.23829981684684753,
            "min": -0.23829981684684753,
            "max": -0.1922217160463333,
            "count": 4
        },
        "Shooting.Policy.CuriosityValueEstimate.sum": {
            "value": -118.91160583496094,
            "min": -118.91160583496094,
            "max": -97.64862823486328,
            "count": 4
        },
        "Shooting.Environment.CumulativeReward.mean": {
            "value": 0.9909839648044181,
            "min": 0.9909839648044181,
            "max": 0.9911614155440819,
            "count": 4
        },
        "Shooting.Environment.CumulativeReward.sum": {
            "value": 494.50099843740463,
            "min": 494.50099843740463,
            "max": 503.5099990963936,
            "count": 4
        },
        "Shooting.Policy.ExtrinsicReward.mean": {
            "value": 0.9909839648044181,
            "min": 0.9909839648044181,
            "max": 0.9911614155440819,
            "count": 4
        },
        "Shooting.Policy.ExtrinsicReward.sum": {
            "value": 494.50099843740463,
            "min": 494.50099843740463,
            "max": 503.5099990963936,
            "count": 4
        },
        "Shooting.Policy.CuriosityReward.mean": {
            "value": 0.005733298998650813,
            "min": 0.005733298998650813,
            "max": 0.02242206761019495,
            "count": 4
        },
        "Shooting.Policy.CuriosityReward.sum": {
            "value": 2.8609162003267556,
            "min": 2.8609162003267556,
            "max": 11.390410345979035,
            "count": 4
        },
        "Shooting.Losses.PolicyLoss.mean": {
            "value": 0.2432271647450662,
            "min": 0.23545160413684654,
            "max": 0.2432271647450662,
            "count": 4
        },
        "Shooting.Losses.PolicyLoss.sum": {
            "value": 10.458768084037846,
            "min": 9.888967373747555,
            "max": 10.458768084037846,
            "count": 4
        },
        "Shooting.Losses.ValueLoss.mean": {
            "value": 1.5998068142651015e-05,
            "min": 1.5998068142651015e-05,
            "max": 0.0007660842229939789,
            "count": 4
        },
        "Shooting.Losses.ValueLoss.sum": {
            "value": 0.0006879169301339936,
            "min": 0.0006879169301339936,
            "max": 0.03217553736574711,
            "count": 4
        },
        "Shooting.Policy.LearningRate.mean": {
            "value": 3.7404506136511625e-05,
            "min": 3.7404506136511625e-05,
            "max": 0.00026196572696380953,
            "count": 4
        },
        "Shooting.Policy.LearningRate.sum": {
            "value": 0.0016083937638699999,
            "min": 0.0016083937638699999,
            "max": 0.01100256053248,
            "count": 4
        },
        "Shooting.Policy.Epsilon.mean": {
            "value": 0.1124681395348837,
            "min": 0.1124681395348837,
            "max": 0.18732190476190477,
            "count": 4
        },
        "Shooting.Policy.Epsilon.sum": {
            "value": 4.836129999999999,
            "min": 4.836129999999999,
            "max": 7.867520000000001,
            "count": 4
        },
        "Shooting.Policy.Beta.mean": {
            "value": 0.0005,
            "min": 0.0005,
            "max": 0.0005000000000000001,
            "count": 4
        },
        "Shooting.Policy.Beta.sum": {
            "value": 0.021500000000000002,
            "min": 0.021,
            "max": 0.021500000000000005,
            "count": 4
        },
        "Shooting.Losses.CuriosityForwardLoss.mean": {
            "value": 0.01105214468789835,
            "min": 0.01105214468789835,
            "max": 0.06369502400846756,
            "count": 4
        },
        "Shooting.Losses.CuriosityForwardLoss.sum": {
            "value": 0.47524222157962903,
            "min": 0.47524222157962903,
            "max": 2.6751910083556374,
            "count": 4
        },
        "Shooting.Losses.CuriosityInverseLoss.mean": {
            "value": 3.176504647159917,
            "min": 2.8674527276096713,
            "max": 3.42536265465461,
            "count": 4
        },
        "Shooting.Losses.CuriosityInverseLoss.sum": {
            "value": 136.58969982787644,
            "min": 123.30046728721587,
            "max": 143.86523149549362,
            "count": 4
        },
        "Shooting.IsTraining.mean": {
            "value": 1.0,
            "min": 1.0,
            "max": 1.0,
            "count": 4
        },
        "Shooting.IsTraining.sum": {
            "value": 1.0,
            "min": 1.0,
            "max": 1.0,
            "count": 4
        }
    },
    "metadata": {
        "timer_format_version": "0.1.0",
        "start_time_seconds": "1683625284",
        "python_version": "3.7.0 (v3.7.0:1bf9cc5093, Jun 27 2018, 04:59:51) [MSC v.1914 64 bit (AMD64)]",
        "command_line_arguments": "D:\\University\\Honours\\Testing\\MLAgents Testing2\\venv\\Scripts\\mlagents-learn config/Shooting.yaml --run-id=KbmShoot_Start",
        "mlagents_version": "0.28.0",
        "mlagents_envs_version": "0.28.0",
        "communication_protocol_version": "1.5.0",
        "pytorch_version": "1.7.1+cu110",
        "numpy_version": "1.21.6",
        "end_time_seconds": "1683625417"
    },
    "total": 132.2809157,
    "count": 1,
    "self": 0.008478800000006004,
    "children": {
        "run_training.setup": {
            "total": 0.11728369999999977,
            "count": 1,
            "self": 0.11728369999999977
        },
        "TrainerController.start_learning": {
            "total": 132.1551532,
            "count": 1,
            "self": 0.030848799999773746,
            "children": {
                "TrainerController._reset_env": {
                    "total": 7.145992000000001,
                    "count": 1,
                    "self": 7.145992000000001
                },
                "TrainerController.advance": {
                    "total": 124.85126860000022,
                    "count": 1943,
                    "self": 0.02676129999973398,
                    "children": {
                        "env_step": {
                            "total": 14.041413200000237,
                            "count": 1943,
                            "self": 10.274377299999658,