{
    "name": "root",
    "gauges": {
        "MoveWithSensor.Policy.Entropy.mean": {
            "value": 0.8198476433753967,
            "min": 0.8198476433753967,
            "max": 1.1431539058685303,
            "count": 50
        },
        "MoveWithSensor.Policy.Entropy.sum": {
            "value": 8182.07958984375,
            "min": 8085.5087890625,
            "max": 12025.9794921875,
            "count": 50
        },
        "MoveWithSensor.Environment.EpisodeLength.mean": {
            "value": 53.21739130434783,
            "min": 51.43455497382199,
            "max": 57.48255813953488,
            "count": 50
        },
        "MoveWithSensor.Environment.EpisodeLength.sum": {
            "value": 9792.0,
            "min": 9607.0,
            "max": 10066.0,
            "count": 50
        },
        "MoveWithSensor.Step.mean": {
            "value": 499975.0,
            "min": 9970.0,
            "max": 499975.0,
            "count": 50
        },
        "MoveWithSensor.Step.sum": {
            "value": 499975.0,
            "min": 9970.0,
            "max": 499975.0,
            "count": 50
        },
        "MoveWithSensor.Policy.ExtrinsicValueEstimate.mean": {
            "value": 0.4464692175388336,
            "min": -0.07566579431295395,
            "max": 0.5882809162139893,
            "count": 50
        },
        "MoveWithSensor.Policy.ExtrinsicValueEstimate.sum": {
            "value": 94.65147399902344,
            "min": -17.403133392333984,
            "max": 121.18586730957031,
            "count": 50
        },
        "MoveWithSensor.Environment.CumulativeReward.mean": {
            "value": 0.7065217391304348,
            "min": 0.05084745762711865,
            "max": 0.7777777777777778,
            "count": 50
        },
        "MoveWithSensor.Environment.CumulativeReward.sum": {
            "value": 130.0,
            "min": 9.0,
            "max": 147.0,
            "count": 50
        },
        "MoveWithSensor.Policy.ExtrinsicReward.mean": {
            "value": 0.7065217391304348,
            "min": 0.05084745762711865,
            "max": 0.7777777777777778,
            "count": 50
        },
        "MoveWithSensor.Policy.ExtrinsicReward.sum": {
            "value": 130.0,
            "min": 9.0,
            "max": 147.0,
            "count": 50
        },
        "MoveWithSensor.Losses.PolicyLoss.mean": {
            "value": 0.24652429361992245,
            "min": 0.23557471995537943,
            "max": 0.24912488213495126,
            "count": 50
        },
        "MoveWithSensor.Losses.PolicyLoss.sum": {
            "value": 19.96846778321372,
            "min": 18.43251957987235,
            "max": 20.868713310543455,
            "count": 50
        },
        "MoveWithSensor.Losses.ValueLoss.mean": {
            "value": 0.04997070369814323,
            "min": 0.03162802632352,
            "max": 0.07697990059847201,
            "count": 50
        },
        "MoveWithSensor.Losses.ValueLoss.sum": {
            "value": 4.0476269995496015,
            "min": 2.5302421058816,
            "max": 6.298817667655801,
            "count": 50
        },
        "MoveWithSensor.Policy.LearningRate.mean": {
            "value": 3.003817517279013e-06,
            "min": 3.003817517279013e-06,
            "max": 0.0002969300785233075,
            "count": 50
        },
        "MoveWithSensor.Policy.LearningRate.sum": {
            "value": 0.00024330921889960004,
            "min": 0.00024330921889960004,
            "max": 0.0237544062818646,
            "count": 50
        },
        "MoveWithSensor.Policy.Epsilon.mean": {
            "value": 0.10100123950617285,
            "min": 0.10100123950617285,
            "max": 0.1989766925,
            "count": 50
        },
        "MoveWithSensor.Policy.Epsilon.sum": {
            "value": 8.1811004,
            "min": 8.1811004,
            "max": 15.958013600000001,
            "count": 50
        },
        "MoveWithSensor.Policy.Beta.mean": {
            "value": 0.0005000000000000001,
            "min": 0.0005000000000000001,
            "max": 0.0005000000000000001,
            "count": 50
        },
        "MoveWithSensor.Policy.Beta.sum": {
            "value": 0.04050000000000001,
            "min": 0.038500000000000006,
            "max": 0.04250000000000001,
            "count": 50
        },
        "MoveWithSensor.IsTraining.mean": {
            "value": 1.0,
            "min": 1.0,
            "max": 1.0,
            "count": 50
        },
        "MoveWithSensor.IsTraining.sum": {
            "value": 1.0,
            "min": 1.0,
            "max": 1.0,
            "count": 50
        }
    },
    "metadata": {
        "timer_format_version": "0.1.0",
        "start_time_seconds": "1676213963",
        "python_version": "3.7.0 (v3.7.0:1bf9cc5093, Jun 27 2018, 04:59:51) [MSC v.1914 64 bit (AMD64)]",
        "command_line_arguments": "D:\\University\\Honours\\Testing\\MLAgents Testing2\\venv\\Scripts\\mlagents-learn config/moveWithSensor.yaml --initialize-from=startMovePercep --run-id=moveWithPerception",
        "mlagents_version": "0.28.0",
        "mlagents_envs_version": "0.28.0",
        "communication_protocol_version": "1.5.0",
        "pytorch_version": "1.7.1+cu110",
        "numpy_version": "1.21.6",
        "end_time_seconds": "1676214887"
    },
    "total": 924.1461105999999,
    "count": 1,
    "self": 0.0049791999998660685,
    "children": {
        "run_training.setup": {
            "total": 0.06255809999999995,
            "count": 1,
            "self": 0.06255809999999995
        },
        "TrainerController.start_learning": {
            "total": 924.0785733,
            "count": 1,
            "self": 0.4269744999944578,
            "children": {
                "TrainerController._reset_env": {
                    "total": 12.3511367,
                    "count": 1,
                    "self": 12.3511367
                },
                "TrainerController.advance": {
                    "total": 911.2634036000056,
                    "count": 31962,
                    "self": 0.4077378000124554,
                    "children": {
                        "env_step": {
                            "total": 180.45889899999958,
                            "count": 31962,
                            "self": 142.86785670000214,
                            "children": {
                                "SubprocessEnvManager._take_step": {
                                    "total": 37.35398310000035,
                                    "count": 31962,
                                    "self": 1.1900597000069695,
                                    "children": {
                                        "TorchPolicy.evaluate": {
                                            "total": 36.16392339999338,
                                            "count": 25027,
                                            "self": 22.250833099988,
                                            "children": {
                                                "TorchPolicy.sample_actions": {
                                                    "total": 13.913090300005377,
                                                    "count": 25027,
                                                    "self": 13.913090300005377
                                                }
                                            }
                                        }
                                    }
                                },
                                "workers": {
                                    "total": 0.23705919999708414,
                                    "count": 31962,
                                    "self": 0.0,
                                    "children": {
                                        "worker_root": {
                                            "total": 912.0237539000092,