{
    "name": "root",
    "gauges": {
        "MoveWithSensor.Policy.Entropy.mean": {
            "value": 0.7783466577529907,
            "min": 0.7267955541610718,
            "max": 1.0177048444747925,
            "count": 10
        },
        "MoveWithSensor.Policy.Entropy.sum": {
            "value": 7830.16748046875,
            "min": 7301.5625,
            "max": 10869.087890625,
            "count": 10
        },
        "MoveWithSensor.Step.mean": {
            "value": 99974.0,
            "min": 9948.0,
            "max": 99974.0,
            "count": 10
        },
        "MoveWithSensor.Step.sum": {
            "value": 99974.0,
            "min": 9948.0,
            "max": 99974.0,
            "count": 10
        },
        "MoveWithSensor.Policy.ExtrinsicValueEstimate.mean": {
            "value": 0.5436403751373291,
            "min": 0.27067914605140686,
            "max": 0.553785502910614,
            "count": 10
        },
        "MoveWithSensor.Policy.ExtrinsicValueEstimate.sum": {
            "value": 96.22434997558594,
            "min": 51.50366973876953,
            "max": 98.57382202148438,
            "count": 10
        },
        "MoveWithSensor.Policy.CuriosityValueEstimate.mean": {
            "value": 1.0772157907485962,
            "min": 0.2692365050315857,
            "max": 2.237684726715088,
            "count": 10
        },
        "MoveWithSensor.Policy.CuriosityValueEstimate.sum": {
            "value": 190.6671905517578,
            "min": 48.193336486816406,
            "max": 413.9716796875,
            "count": 10
        },
        "MoveWithSensor.Losses.PolicyLoss.mean": {
            "value": 0.24345774560446337,
            "min": 0.2361570111834184,
            "max": 0.2512513867834383,
            "count": 10
        },
        "MoveWithSensor.Losses.PolicyLoss.sum": {
            "value": 18.989704157148143,
            "min": 14.179539970366704,
            "max": 18.989704157148143,
            "count": 10
        },
        "MoveWithSensor.Losses.ValueLoss.mean": {
            "value": 0.019474597774440335,
            "min": 0.013711235457115592,
            "max": 0.11093599429020552,
            "count": 10
        },
        "MoveWithSensor.Losses.ValueLoss.sum": {
            "value": 1.519018626406346,
            "min": 1.0009201883694383,
            "max": 6.323351674541715,
            "count": 10
        },
        "MoveWithSensor.Policy.LearningRate.mean": {
            "value": 1.46355951215e-05,
            "min": 1.46355951215e-05,
            "max": 0.00028174847976805266,
            "count": 10
        },
        "MoveWithSensor.Policy.LearningRate.sum": {
            "value": 0.001141576419477,
            "min": 0.001141576419477,
            "max": 0.01961562116146,
            "count": 10
        },
        "MoveWithSensor.Policy.Epsilon.mean": {
            "value": 0.10487850000000001,
            "min": 0.10487850000000001,
            "max": 0.19391615789473685,
            "count": 10
        },
        "MoveWithSensor.Policy.Epsilon.sum": {
            "value": 8.180523,
            "min": 8.180523,
            "max": 14.23854,
            "count": 10
        },
        "MoveWithSensor.Policy.Beta.mean": {
            "value": 0.0005000000000000001,
            "min": 0.0005,
            "max": 0.0005000000000000001,
            "count": 10
        },
        "MoveWithSensor.Policy.Beta.sum": {
            "value": 0.03900000000000001,
            "min": 0.0285,
            "max": 0.03900000000000001,
            "count": 10
        },
        "MoveWithSensor.Losses.CuriosityForwardLoss.mean": {
            "value": 0.09943243080355095,
            "min": 0.09868310099079122,
            "max": 0.15298030382676037,
            "count": 10
        },
        "MoveWithSensor.Losses.CuriosityForwardLoss.sum": {
            "value": 7.755729602676975,
            "min": 7.291566710968157,
            "max": 10.569106417798352,
            "count": 10
        },
        "MoveWithSensor.Losses.CuriosityInverseLoss.mean": {
            "value": 0.8193841455013376,
            "min": 0.7434709180096546,
            "max": 0.8519473088722265,
            "count": 10
        },
        "MoveWithSensor.Losses.CuriosityInverseLoss.sum": {
            "value": 63.91196334910433,
            "min": 43.23743512212959,
            "max": 65.59994278316144,
            "count": 10
        },
        "MoveWithSensor.Environment.EpisodeLength.mean": {
            "value": 120.9753086419753,
            "min": 112.62222222222222,
            "max": 141.0,
            "count": 10
        },
        "MoveWithSensor.Environment.EpisodeLength.sum": {
            "value": 9799.0,
            "min": 8415.0,
            "max": 10546.0,
            "count": 10
        },
        "MoveWithSensor.Environment.CumulativeReward.mean": {
            "value": 0.9012345679012346,
            "min": 0.3125,
            "max": 0.9058823529411765,
            "count": 10
        },
        "MoveWithSensor.Environment.CumulativeReward.sum": {
            "value": 73.0,
            "min": 25.0,
            "max": 77.0,
            "count": 10
        },
        "MoveWithSensor.Policy.ExtrinsicReward.mean": {
            "value": 0.9012345679012346,
            "min": 0.3125,
            "max": 0.9058823529411765,
            "count": 10
        },
        "MoveWithSensor.Policy.ExtrinsicReward.sum": {
            "value": 73.0,
            "min": 25.0,
            "max": 77.0,
            "count": 10
        },
        "MoveWithSensor.Policy.CuriosityReward.mean": {
            "value": 0.2650547927607679,
            "min": 0.2650547927607679,
            "max": 0.5095909258282025,
            "count": 10
        },
        "MoveWithSensor.Policy.CuriosityReward.sum": {
            "value": 21.469438213622198,
            "min": 21.469438213622198,
            "max": 32.78805343131535,
            "count": 10
        },
        "MoveWithSensor.IsTraining.mean": {
            "value": 1.0,
            "min": 1.0,
            "max": 1.0,
            "count": 10
        },
        "MoveWithSensor.IsTraining.sum": {
            "value": 1.0,
            "min": 1.0,
            "max": 1.0,
            "count": 10
        }
    },
    "metadata": {
        "timer_format_version": "0.1.0",
        "start_time_seconds": "1680111017",
        "python_version": "3.7.0 (v3.7.0:1bf9cc5093, Jun 27 2018, 04:59:51) [MSC v.1914 64 bit (AMD64)]",
        "command_line_arguments": "D:\\University\\Honours\\Testing\\MLAgents Testing2\\venv\\Scripts\\mlagents-learn config/moveWithSensor.yaml --initialize-from=KbmMovement_WithWalls1 --run-id=KbmMovement_WithWalls2",
        "mlagents_version": "0.28.0",
        "mlagents_envs_version": "0.28.0",
        "communication_protocol_version": "1.5.0",
        "pytorch_version": "1.7.1+cu110",
        "numpy_version": "1.21.6",
        "end_time_seconds": "1680111412"
    },
    "total": 394.8476963,
    "count": 1,
    "self": 0.0061776000000008935,
    "children": {
        "run_training.setup": {
            "total": 0.06141479999999999,
            "count": 1,
            "self": 0.06141479999999999
        },
        "TrainerController.start_learning": {
            "total": 394.7801039,
            "count": 1,
            "self": 0.0813547999983939,
            "children": {
                "TrainerController._reset_env": {
                    "total": 4.5911323,
                    "count": 1,
                    "self": 4.5911323
                },
                "TrainerController.advance": {
                    "total": 390.0483099000016,
                    "count": 5257,
                    "self": 0.07470700000254737,
                    "children": {
                        "env_step": {
                            "total": 37.62701230000036,
                            "count": 5257,
                            "self": 29.243347499999963,