{
    "name": "root",
    "gauges": {
        "Shooting.Policy.Entropy.mean": {
            "value": 2.0506186485290527,
            "min": 2.0506186485290527,
            "max": 3.707998037338257,
            "count": 20
        },
        "Shooting.Policy.Entropy.sum": {
            "value": 10294.10546875,
            "min": 10223.216796875,
            "max": 20216.24609375,
            "count": 20
        },
        "Shooting.Environment.EpisodeLength.mean": {
            "value": 11.5075,
            "min": 10.95933014354067,
            "max": 125.84444444444445,
            "count": 20
        },
        "Shooting.Environment.EpisodeLength.sum": {
            "value": 4603.0,
            "min": 2718.0,
            "max": 5959.0,
            "count": 20
        },
        "Shooting.Step.mean": {
            "value": 99996.0,
            "min": 4952.0,
            "max": 99996.0,
            "count": 20
        },
        "Shooting.Step.sum": {
            "value": 99996.0,
            "min": 4952.0,
            "max": 99996.0,
            "count": 20
        },
        "Shooting.Policy.ExtrinsicValueEstimate.mean": {
            "value": 1.2800211906433105,
            "min": -1.0088998079299927,
            "max": 1.3761382102966309,
            "count": 20
        },
        "Shooting.Policy.ExtrinsicValueEstimate.sum": {
            "value": 517.1285400390625,
            "min": -111.98788452148438,
            "max": 573.849609375,
            "count": 20
        },
        "Shooting.Policy.CuriosityValueEstimate.mean": {
            "value": 2.4296605587005615,
            "min": 0.5062448978424072,
            "max": 3.729055881500244,
            "count": 20
        },
        "Shooting.Policy.CuriosityValueEstimate.sum": {
            "value": 981.5828857421875,
            "min": 59.736900329589844,
            "max": 1019.870361328125,
            "count": 20
        },
        "Shooting.Environment.CumulativeReward.mean": {
            "value": 1.3972380337119104,
            "min": -1.8682002557648554,
            "max": 1.4535912510825366,
            "count": 20
        },
        "Shooting.Environment.CumulativeReward.sum": {
            "value": 558.8952134847641,
            "min": -94.19341164827347,
            "max": 603.5074157714844,
            "count": 20
        },
        "Shooting.Policy.ExtrinsicReward.mean": {
            "value": 1.3972380337119104,
            "min": -1.8682002557648554,
            "max": 1.4535912510825366,
            "count": 20
        },
        "Shooting.Policy.ExtrinsicReward.sum": {
            "value": 558.8952134847641,
            "min": -94.19341164827347,
            "max": 603.5074157714844,
            "count": 20
        },
        "Shooting.Policy.CuriosityReward.mean": {
            "value": 0.07800287502119317,
            "min": 0.06382609644404999,
            "max": 4.016541731357575,
            "count": 20
        },
        "Shooting.Policy.CuriosityReward.sum": {
            "value": 31.20115000847727,
            "min": 26.168699542060494,
            "max": 245.20255260914564,
            "count": 20
        },
        "Shooting.Losses.PolicyLoss.mean": {
            "value": 0.24332464176172303,
            "min": 0.2354178443066239,
            "max": 0.2488641724471984,
            "count": 20
        },
        "Shooting.Losses.PolicyLoss.sum": {
            "value": 10.706284237515813,
            "min": 4.525081788287944,
            "max": 10.706284237515813,
            "count": 20
        },
        "Shooting.Losses.ValueLoss.mean": {
            "value": 0.08383098392520683,
            "min": 0.012319445799395036,
            "max": 1.1403452037493804,
            "count": 20
        },
        "Shooting.Losses.ValueLoss.sum": {
            "value": 3.6885632927091003,
            "min": 0.5297361693739866,
            "max": 42.19277253872708,
            "count": 20
        },
        "Shooting.Policy.LearningRate.mean": {
            "value": 7.327393012113636e-06,
            "min": 7.327393012113636e-06,
            "max": 0.00029128089764321046,
            "count": 20
        },
        "Shooting.Policy.LearningRate.sum": {
            "value": 0.000322405292533,
            "min": 0.000322405292533,
            "max": 0.011102004299331999,
            "count": 20
        },
        "Shooting.Policy.Epsilon.mean": {
            "value": 0.10244243181818181,
            "min": 0.10244243181818181,
            "max": 0.19709363157894735,
            "count": 20
        },
        "Shooting.Policy.Epsilon.sum": {
            "value": 4.507467,
            "min": 3.744779,
            "max": 7.700668,
            "count": 20
        },
        "Shooting.Policy.Beta.mean": {
            "value": 0.0005000000000000001,
            "min": 0.0005,
            "max": 0.0005000000000000001,
            "count": 20
        },
        "Shooting.Policy.Beta.sum": {
            "value": 0.022000000000000006,
            "min": 0.009500000000000001,
            "max": 0.022000000000000006,
            "count": 20
        },
        "Shooting.Losses.CuriosityForwardLoss.mean": {
            "value": 0.11170152290321562,
            "min": 0.09867584947811953,
            "max": 0.943099921705467,
            "count": 20
        },
        "Shooting.Losses.CuriosityForwardLoss.sum": {
            "value": 4.9148670077414875,
            "min": 2.7896216977337374,
            "max": 37.72399686821868,
            "count": 20
        },
        "Shooting.Losses.CuriosityInverseLoss.mean": {
            "value": 1.0921258827938554,
            "min": 1.0500165967181632,
            "max": 3.1311027616519644,
            "count": 20
        },
        "Shooting.Losses.CuriosityInverseLoss.sum": {
            "value": 48.05353884292963,
            "min": 45.15071365888102,
            "max": 122.83112473280572,
            "count": 20
        },
        "Shooting.IsTraining.mean": {
            "value": 1.0,
            "min": 1.0,
            "max": 1.0,
            "count": 20
        },
        "Shooting.IsTraining.sum": {
            "value": 1.0,
            "min": 1.0,
            "max": 1.0,
            "count": 20
        }
    },
    "metadata": {
        "timer_format_version": "0.1.0",
        "start_time_seconds": "1683472113",
        "python_version": "3.7.0 (v3.7.0:1bf9cc5093, Jun 27 2018, 04:59:51) [MSC v.1914 64 bit (AMD64)]",
        "command_line_arguments": "D:\\University\\Honours\\Testing\\MLAgents Testing2\\venv\\Scripts\\mlagents-learn config/Shooting.yaml --initialize-from=KbmShoot_Start --run-id=KbmShoot1",
        "mlagents_version": "0.28.0",
        "mlagents_envs_version": "0.28.0",
        "communication_protocol_version": "1.5.0",
        "pytorch_version": "1.7.1+cu110",
        "numpy_version": "1.21.6",
        "end_time_seconds": "1683473227"
    },
    "total": 1114.6529302000001,
    "count": 1,
    "self": 0.01056870000024901,
    "children": {
        "run_training.setup": {
            "total": 0.07263779999999986,
            "count": 1,
            "self": 0.07263779999999986
        },
        "TrainerController.start_learning": {
            "total": 1114.5697237,
            "count": 1,
            "self": 0.14709219999576817,
            "children": {
                "TrainerController._reset_env": {
                    "total": 11.1055285,
                    "count": 1,
                    "self": 11.1055285
                },
                "TrainerController.advance": {
                    "total": 1103.1820690000043,
                    "count": 7810,
                    "self": 0.1264717000155997,
                    "children": {
                        "env_step": {
                            "total": 82.20736489999365,
                            "count": 7810,
                            "self": 52.40192109999577,