{
    "name": "root",
    "gauges": {
        "Shooting.Policy.Entropy.mean": {
            "value": 1.861568570137024,
            "min": 1.861568570137024,
            "max": 4.182685375213623,
            "count": 20
        },
        "Shooting.Policy.Entropy.sum": {
            "value": 9307.8427734375,
            "min": 9307.8427734375,
            "max": 22772.48828125,
            "count": 20
        },
        "Shooting.Environment.EpisodeLength.mean": {
            "value": 12.485175202156334,
            "min": 12.142105263157895,
            "max": 133.69230769230768,
            "count": 20
        },
        "Shooting.Environment.EpisodeLength.sum": {
            "value": 4632.0,
            "min": 3374.0,
            "max": 6606.0,
            "count": 20
        },
        "Shooting.Step.mean": {
            "value": 99987.0,
            "min": 4969.0,
            "max": 99987.0,
            "count": 20
        },
        "Shooting.Step.sum": {
            "value": 99987.0,
            "min": 4969.0,
            "max": 99987.0,
            "count": 20
        },
        "Shooting.Policy.ExtrinsicValueEstimate.mean": {
            "value": 1.29664945602417,
            "min": -1.4571921825408936,
            "max": 1.3759292364120483,
            "count": 20
        },
        "Shooting.Policy.ExtrinsicValueEstimate.sum": {
            "value": 486.2435302734375,
            "min": -135.5188751220703,
            "max": 522.8530883789062,
            "count": 20
        },
        "Shooting.Policy.CuriosityValueEstimate.mean": {
            "value": 2.5474741458892822,
            "min": 0.45504340529441833,
            "max": 3.443915367126465,
            "count": 20
        },
        "Shooting.Policy.CuriosityValueEstimate.sum": {
            "value": 955.3027954101562,
            "min": 53.69512176513672,
            "max": 980.1302490234375,
            "count": 20
        },
        "Shooting.Environment.CumulativeReward.mean": {
            "value": 1.4221396580378642,
            "min": -2.83579211968642,
            "max": 1.4681447706724469,
            "count": 20
        },
        "Shooting.Environment.CumulativeReward.sum": {
            "value": 527.6138131320477,
            "min": -128.31098797917366,
            "max": 557.8950128555298,
            "count": 20
        },
        "Shooting.Policy.ExtrinsicReward.mean": {
            "value": 1.4221396580378642,
            "min": -2.83579211968642,
            "max": 1.4681447706724469,
            "count": 20
        },
        "Shooting.Policy.ExtrinsicReward.sum": {
            "value": 527.6138131320477,
            "min": -128.31098797917366,
            "max": 557.8950128555298,
            "count": 20
        },
        "Shooting.Policy.CuriosityReward.mean": {
            "value": 0.08332006794945249,
            "min": 0.061372166303427594,
            "max": 1.5422022722374935,
            "count": 20
        },
        "Shooting.Policy.CuriosityReward.sum": {
            "value": 30.911745209246874,
            "min": 23.321423195302486,
            "max": 109.48386851139367,
            "count": 20
        },
        "Shooting.Losses.PolicyLoss.mean": {
            "value": 0.24756312502989952,
            "min": 0.2322136898393146,
            "max": 0.2581213947739489,
            "count": 20
        },
        "Shooting.Losses.PolicyLoss.sum": {
            "value": 10.64521437628568,
            "min": 7.2273990536705695,
            "max": 10.686550381171925,
            "count": 20
        },
        "Shooting.Losses.ValueLoss.mean": {
            "value": 0.059192866596663805,
            "min": 0.01081147014262433,
            "max": 0.19711676380252247,
            "count": 20
        },
        "Shooting.Losses.ValueLoss.sum": {
            "value": 2.5452932636565437,
            "min": 0.46489321613284623,
            "max": 8.110120261641972,
            "count": 20
        },
        "Shooting.Policy.LearningRate.mean": {
            "value": 7.5682602679767425e-06,
            "min": 7.5682602679767425e-06,
            "max": 0.0002910696458339285,
            "count": 20
        },
        "Shooting.Policy.LearningRate.sum": {
            "value": 0.00032543519152299994,
            "min": 0.00032543519152299994,
            "max": 0.00998919027027,
            "count": 20
        },
        "Shooting.Policy.Epsilon.mean": {
            "value": 0.10252272093023257,
            "min": 0.10252272093023257,
            "max": 0.19702321428571426,
            "count": 20
        },
        "Shooting.Policy.Epsilon.sum": {
            "value": 4.408477,
            "min": 4.408477,
            "max": 7.117602000000002,
            "count": 20
        },
        "Shooting.Policy.Beta.mean": {
            "value": 0.0005,
            "min": 0.0005,
            "max": 0.0005000000000000001,
            "count": 20
        },
        "Shooting.Policy.Beta.sum": {
            "value": 0.021500000000000002,
            "min": 0.014000000000000002,
            "max": 0.021500000000000005,
            "count": 20
        },
        "Shooting.Losses.CuriosityForwardLoss.mean": {
            "value": 0.09559760772223456,
            "min": 0.08544852315661092,
            "max": 0.2718009869630031,
            "count": 20
        },
        "Shooting.Losses.CuriosityForwardLoss.sum": {
            "value": 4.110697132056086,
            "min": 3.6742864957342696,
            "max": 10.600238491557121,
            "count": 20
        },
        "Shooting.Losses.CuriosityInverseLoss.mean": {
            "value": 0.6560361275314097,
            "min": 0.6560361275314097,
            "max": 3.5165711419905916,
            "count": 20
        },
        "Shooting.Losses.CuriosityInverseLoss.sum": {
            "value": 28.20955348385062,
            "min": 28.20955348385062,
            "max": 124.16858250061085,
            "count": 20
        },
        "Shooting.IsTraining.mean": {
            "value": 1.0,
            "min": 1.0,
            "max": 1.0,
            "count": 20
        },
        "Shooting.IsTraining.sum": {
            "value": 1.0,
            "min": 1.0,
            "max": 1.0,
            "count": 20
        }
    },
    "metadata": {
        "timer_format_version": "0.1.0",
        "start_time_seconds": "1683630992",
        "python_version": "3.7.0 (v3.7.0:1bf9cc5093, Jun 27 2018, 04:59:51) [MSC v.1914 64 bit (AMD64)]",
        "command_line_arguments": "D:\\University\\Honours\\Testing\\MLAgents Testing2\\venv\\Scripts\\mlagents-learn config/Shooting.yaml --initialize-from=KbmShoot_Start --run-id=KbmShoot1",
        "mlagents_version": "0.28.0",
        "mlagents_envs_version": "0.28.0",
        "communication_protocol_version": "1.5.0",
        "pytorch_version": "1.7.1+cu110",
        "numpy_version": "1.21.6",
        "end_time_seconds": "1683631581"
    },
    "total": 588.8098275000001,
    "count": 1,
    "self": 0.005645500000014181,
    "children": {
        "run_training.setup": {
            "total": 0.06598110000000001,
            "count": 1,
            "self": 0.06598110000000001
        },
        "TrainerController.start_learning": {
            "total": 588.7382009,
            "count": 1,
            "self": 0.12160999999980504,
            "children": {
                "TrainerController._reset_env": {
                    "total": 8.9719712,
                    "count": 1,
                    "self": 8.9719712
                },
                "TrainerController.advance": {
                    "total": 579.5604504000003,
                    "count": 7757,
                    "self": 0.1124270000038905,
                    "children": {
                        "env_step": {
                            "total": 69.48523829999965,
                            "count": 7757,
                            "self": 54.42742269999891,