{
    "name": "root",
    "gauges": {
        "Movement.Policy.Entropy.mean": {
            "value": 0.29730308055877686,
            "min": 0.26889923214912415,
            "max": 0.9504116773605347,
            "count": 20
        },
        "Movement.Policy.Entropy.sum": {
            "value": 1492.46142578125,
            "min": 1340.28857421875,
            "max": 4657.01708984375,
            "count": 20
        },
        "Movement.Environment.EpisodeLength.mean": {
            "value": 14.470588235294118,
            "min": 13.507246376811594,
            "max": 45.130434782608695,
            "count": 20
        },
        "Movement.Environment.EpisodeLength.sum": {
            "value": 4674.0,
            "min": 3843.0,
            "max": 5756.0,
            "count": 20
        },
        "Movement.Step.mean": {
            "value": 99995.0,
            "min": 4991.0,
            "max": 99995.0,
            "count": 20
        },
        "Movement.Step.sum": {
            "value": 99995.0,
            "min": 4991.0,
            "max": 99995.0,
            "count": 20
        },
        "Movement.Policy.ExtrinsicValueEstimate.mean": {
            "value": 0.9050439596176147,
            "min": 0.49918386340141296,
            "max": 0.9764635562896729,
            "count": 20
        },
        "Movement.Policy.ExtrinsicValueEstimate.sum": {
            "value": 292.3291931152344,
            "min": 71.88247680664062,
            "max": 310.0715637207031,
            "count": 20
        },
        "Movement.Policy.CuriosityValueEstimate.mean": {
            "value": 4.878283977508545,
            "min": -11.541511535644531,
            "max": 1974.097900390625,
            "count": 20
        },
        "Movement.Policy.CuriosityValueEstimate.sum": {
            "value": 1575.6856689453125,
            "min": -1823.558837890625,
            "max": 529058.25,
            "count": 20
        },
        "Movement.Environment.CumulativeReward.mean": {
            "value": 0.9938080495356038,
            "min": 0.7368421052631579,
            "max": 1.0,
            "count": 20
        },
        "Movement.Environment.CumulativeReward.sum": {
            "value": 321.0,
            "min": 84.0,
            "max": 341.0,
            "count": 20
        },
        "Movement.Policy.ExtrinsicReward.mean": {
            "value": 0.9938080495356038,
            "min": 0.7368421052631579,
            "max": 1.0,
            "count": 20
        },
        "Movement.Policy.ExtrinsicReward.sum": {
            "value": 321.0,
            "min": 84.0,
            "max": 341.0,
            "count": 20
        },
        "Movement.Policy.CuriosityReward.mean": {
            "value": 0.013734038874969007,
            "min": 0.013734038874969007,
            "max": 0.11951636483590528,
            "count": 20
        },
        "Movement.Policy.CuriosityReward.sum": {
            "value": 4.436094556614989,
            "min": 4.436094556614989,
            "max": 27.2497311825864,
            "count": 20
        },
        "Movement.Losses.PolicyLoss.mean": {
            "value": 0.24320939265248417,
            "min": 0.23314338904659052,
            "max": 0.25178334461446356,
            "count": 20
        },
        "Movement.Losses.PolicyLoss.sum": {
            "value": 10.701213276709304,
            "min": 9.621201375127585,
            "max": 10.894643414387408,
            "count": 20
        },
        "Movement.Losses.ValueLoss.mean": {
            "value": 0.7516792819140578,
            "min": 0.6784423908189011,
            "max": 27318.91245073447,
            "count": 20
        },
        "Movement.Losses.ValueLoss.sum": {
            "value": 33.07388840421854,
            "min": 29.85146519603165,
            "max": 1202032.1478323168,
            "count": 20
        },
        "Movement.Policy.LearningRate.mean": {
            "value": 7.498733864090911e-06,
            "min": 7.498733864090911e-06,
            "max": 0.0002923085480183636,
            "count": 20
        },
        "Movement.Policy.LearningRate.sum": {
            "value": 0.0003299442900200001,
            "min": 0.0003299442900200001,
            "max": 0.012861576112808,
            "count": 20
        },
        "Movement.Policy.Epsilon.mean": {
            "value": 0.10249954545454544,
            "min": 0.10249954545454544,
            "max": 0.19743618181818184,
            "count": 20
        },
        "Movement.Policy.Epsilon.sum": {
            "value": 4.50998,
            "min": 4.50998,
            "max": 8.687192000000001,
            "count": 20
        },
        "Movement.Policy.Beta.mean": {
            "value": 0.0005000000000000001,
            "min": 0.0005,
            "max": 0.0005000000000000001,
            "count": 20
        },
        "Movement.Policy.Beta.sum": {
            "value": 0.022000000000000006,
            "min": 0.019500000000000003,
            "max": 0.022500000000000006,
            "count": 20
        },
        "Movement.Losses.CuriosityForwardLoss.mean": {
            "value": 0.037960745968407913,
            "min": 0.037960745968407913,
            "max": 0.19000182269594487,
            "count": 20
        },
        "Movement.Losses.CuriosityForwardLoss.sum": {
            "value": 1.6702728226099481,
            "min": 1.6702728226099481,
            "max": 8.360080198621574,
            "count": 20
        },
        "Movement.Losses.CuriosityInverseLoss.mean": {
            "value": 0.0393475248399554,
            "min": 0.0393475248399554,
            "max": 0.3215536064672574,
            "count": 20
        },
        "Movement.Losses.CuriosityInverseLoss.sum": {
            "value": 1.7312910929580376,
            "min": 1.7312910929580376,
            "max": 12.862144258690295,
            "count": 20
        },
        "Movement.IsTraining.mean": {
            "value": 1.0,
            "min": 1.0,
            "max": 1.0,
            "count": 20
        },
        "Movement.IsTraining.sum": {
            "value": 1.0,
            "min": 1.0,
            "max": 1.0,
            "count": 20
        }
    },
    "metadata": {
        "timer_format_version": "0.1.0",
        "start_time_seconds": "1683550134",
        "python_version": "3.7.0 (v3.7.0:1bf9cc5093, Jun 27 2018, 04:59:51) [MSC v.1914 64 bit (AMD64)]",
        "command_line_arguments": "D:\\University\\Honours\\Testing\\MLAgents Testing2\\venv\\Scripts\\mlagents-learn config/Movement.yaml --initialize-from=KbmMovement_Start --run-id=KbmMovement1",
        "mlagents_version": "0.28.0",
        "mlagents_envs_version": "0.28.0",
        "communication_protocol_version": "1.5.0",
        "pytorch_version": "1.7.1+cu110",
        "numpy_version": "1.21.6",
        "end_time_seconds": "1683550556"
    },
    "total": 422.2497255,
    "count": 1,
    "self": 0.005997400000012476,
    "children": {
        "run_training.setup": {
            "total": 0.06362400000000001,
            "count": 1,
            "self": 0.06362400000000001
        },
        "TrainerController.start_learning": {
            "total": 422.1801041,
            "count": 1,
            "self": 0.1338697000009006,
            "children": {
                "TrainerController._reset_env": {
                    "total": 5.4533665,
                    "count": 1,
                    "self": 5.4533665
                },
                "TrainerController.advance": {
                    "total": 416.5340704999991,
                    "count": 8678,
                    "self": 0.10596520000092369,
                    "children": {
                        "env_step": {
                            "total": 44.81563120000055,
                            "count": 8678,
                            "self": 35.74195779999849,
                            "children": {
                                "SubprocessEnvManager._take_step": {
                                    "total": 9.00695549999903,