{
    "name": "root",
    "gauges": {
        "Movement.Policy.Entropy.mean": {
            "value": 0.3618573844432831,
            "min": 0.31506776809692383,
            "max": 0.697197437286377,
            "count": 10
        },
        "Movement.Policy.Entropy.sum": {
            "value": 1809.286865234375,
            "min": 1581.64013671875,
            "max": 3778.81005859375,
            "count": 10
        },
        "Movement.Environment.EpisodeLength.mean": {
            "value": 23.406060606060606,
            "min": 15.953900709219859,
            "max": 23.406060606060606,
            "count": 10
        },
        "Movement.Environment.EpisodeLength.sum": {
            "value": 3862.0,
            "min": 3613.0,
            "max": 5521.0,
            "count": 10
        },
        "Movement.Step.mean": {
            "value": 49996.0,
            "min": 4988.0,
            "max": 49996.0,
            "count": 10
        },
        "Movement.Step.sum": {
            "value": 49996.0,
            "min": 4988.0,
            "max": 49996.0,
            "count": 10
        },
        "Movement.Policy.ExtrinsicValueEstimate.mean": {
            "value": 0.7752154469490051,
            "min": 0.25310930609703064,
            "max": 0.954744279384613,
            "count": 10
        },
        "Movement.Policy.ExtrinsicValueEstimate.sum": {
            "value": 154.2678680419922,
            "min": 65.30220031738281,
            "max": 276.60064697265625,
            "count": 10
        },
        "Movement.Policy.CuriosityValueEstimate.mean": {
            "value": -10.86083698272705,
            "min": -35.35659408569336,
            "max": 11284.1923828125,
            "count": 10
        },
        "Movement.Policy.CuriosityValueEstimate.sum": {
            "value": -2161.306640625,
            "min": -9581.63671875,
            "max": 2911321.75,
            "count": 10
        },
        "Movement.Environment.CumulativeReward.mean": {
            "value": 0.9818181818181818,
            "min": 0.765625,
            "max": 0.9929824561403509,
            "count": 10
        },
        "Movement.Environment.CumulativeReward.sum": {
            "value": 162.0,
            "min": 162.0,
            "max": 283.0,
            "count": 10
        },
        "Movement.Policy.ExtrinsicReward.mean": {
            "value": 0.9818181818181818,
            "min": 0.765625,
            "max": 0.9929824561403509,
            "count": 10
        },
        "Movement.Policy.ExtrinsicReward.sum": {
            "value": 162.0,
            "min": 162.0,
            "max": 283.0,
            "count": 10
        },
        "Movement.Policy.CuriosityReward.mean": {
            "value": 0.0350249944790972,
            "min": 0.029568904764498603,
            "max": 0.10584032093174756,
            "count": 10
        },
        "Movement.Policy.CuriosityReward.sum": {
            "value": 5.779124089051038,
            "min": 5.779124089051038,
            "max": 27.095122158527374,
            "count": 10
        },
        "Movement.Losses.PolicyLoss.mean": {
            "value": 0.24004939608932194,
            "min": 0.23836024248575585,
            "max": 0.25168983413532664,
            "count": 10
        },
        "Movement.Losses.PolicyLoss.sum": {
            "value": 10.082074635751521,
            "min": 9.77719868329871,
            "max": 10.822662867819044,
            "count": 10
        },
        "Movement.Losses.ValueLoss.mean": {
            "value": 8042.755305925542,
            "min": 8042.755305925542,
            "max": 1397271.7416196796,
            "count": 10
        },
        "Movement.Losses.ValueLoss.sum": {
            "value": 337795.72284887277,
            "min": 337795.72284887277,
            "max": 58685413.14802654,
            "count": 10
        },
        "Movement.Policy.LearningRate.mean": {
            "value": 1.5113952104904763e-05,
            "min": 1.5113952104904763e-05,
            "max": 0.0002848422907668571,
            "count": 10
        },
        "Movement.Policy.LearningRate.sum": {
            "value": 0.0006347859884060001,
            "min": 0.0006347859884060001,
            "max": 0.011963376212207999,
            "count": 10
        },
        "Movement.Policy.Epsilon.mean": {
            "value": 0.1050379523809524,
            "min": 0.1050379523809524,
            "max": 0.19494742857142858,
            "count": 10
        },
        "Movement.Policy.Epsilon.sum": {
            "value": 4.411594000000001,
            "min": 4.411594000000001,
            "max": 8.187792,
            "count": 10
        },
        "Movement.Policy.Beta.mean": {
            "value": 0.0005000000000000001,
            "min": 0.0005,
            "max": 0.0005000000000000001,
            "count": 10
        },
        "Movement.Policy.Beta.sum": {
            "value": 0.021000000000000005,
            "min": 0.0205,
            "max": 0.021500000000000005,
            "count": 10
        },
        "Movement.Losses.CuriosityForwardLoss.mean": {
            "value": 0.040249631221112664,
            "min": 0.040249631221112664,
            "max": 0.18370681249453666,
            "count": 10
        },
        "Movement.Losses.CuriosityForwardLoss.sum": {
            "value": 1.690484511286732,
            "min": 1.690484511286732,
            "max": 7.7156861247705395,
            "count": 10
        },
        "Movement.Losses.CuriosityInverseLoss.mean": {
            "value": 0.037342645027125955,
            "min": 0.037342645027125955,
            "max": 0.25915173685835213,
            "count": 10
        },
        "Movement.Losses.CuriosityInverseLoss.sum": {
            "value": 1.5683910911392902,
            "min": 1.5683910911392902,
            "max": 10.88437294805079,
            "count": 10
        },
        "Movement.IsTraining.mean": {
            "value": 1.0,
            "min": 1.0,
            "max": 1.0,
            "count": 10
        },
        "Movement.IsTraining.sum": {
            "value": 1.0,
            "min": 1.0,
            "max": 1.0,
            "count": 10
        }
    },
    "metadata": {
        "timer_format_version": "0.1.0",
        "start_time_seconds": "1683461642",
        "python_version": "3.7.0 (v3.7.0:1bf9cc5093, Jun 27 2018, 04:59:51) [MSC v.1914 64 bit (AMD64)]",
        "command_line_arguments": "D:\\University\\Honours\\Testing\\MLAgents Testing2\\venv\\Scripts\\mlagents-learn config/Movement.yaml --initialize-from=KbmMovement_Start --run-id=KbmMovement1",
        "mlagents_version": "0.28.0",
        "mlagents_envs_version": "0.28.0",
        "communication_protocol_version": "1.5.0",
        "pytorch_version": "1.7.1+cu110",
        "numpy_version": "1.21.6",
        "end_time_seconds": "1683461858"
    },
    "total": 216.4644668,
    "count": 1,
    "self": 0.0059242999999753465,
    "children": {
        "run_training.setup": {
            "total": 0.06487730000000003,
            "count": 1,
            "self": 0.06487730000000003
        },
        "TrainerController.start_learning": {
            "total": 216.39366520000002,
            "count": 1,
            "self": 0.0650073999998142,
            "children": {
                "TrainerController._reset_env": {
                    "total": 8.695383999999999,
                    "count": 1,
                    "self": 8.695383999999999
                },
                "TrainerController.advance": {
                    "total": 207.57920010000024,
                    "count": 4272,
                    "self": 0.055895700000519355,
                    "children": {
                        "env_step": {
                            "total": 22.97429199999987,
                            "count": 4272,
                            "self": 18.307142200000413,