{
    "name": "root",
    "gauges": {
        "Movement.Policy.Entropy.mean": {
            "value": 0.4428457021713257,
            "min": 0.4428457021713257,
            "max": 2.1645376682281494,
            "count": 10
        },
        "Movement.Policy.Entropy.sum": {
            "value": 2187.65771484375,
            "min": 2187.65771484375,
            "max": 11991.5390625,
            "count": 10
        },
        "Movement.Environment.EpisodeLength.mean": {
            "value": 12.352150537634408,
            "min": 12.352150537634408,
            "max": 172.24242424242425,
            "count": 10
        },
        "Movement.Environment.EpisodeLength.sum": {
            "value": 4595.0,
            "min": 2241.0,
            "max": 6091.0,
            "count": 10
        },
        "Movement.Step.mean": {
            "value": 49997.0,
            "min": 4947.0,
            "max": 49997.0,
            "count": 10
        },
        "Movement.Step.sum": {
            "value": 49997.0,
            "min": 4947.0,
            "max": 49997.0,
            "count": 10
        },
        "Movement.Policy.ExtrinsicValueEstimate.mean": {
            "value": 0.9416047930717468,
            "min": -0.09779774397611618,
            "max": 0.9416047930717468,
            "count": 10
        },
        "Movement.Policy.ExtrinsicValueEstimate.sum": {
            "value": 351.2185974121094,
            "min": -9.290785789489746,
            "max": 351.2185974121094,
            "count": 10
        },
        "Movement.Policy.CuriosityValueEstimate.mean": {
            "value": 702.8097534179688,
            "min": -0.09802601486444473,
            "max": 702.8097534179688,
            "count": 10
        },
        "Movement.Policy.CuriosityValueEstimate.sum": {
            "value": 262148.03125,
            "min": -8.528263092041016,
            "max": 262148.03125,
            "count": 10
        },
        "Movement.Environment.CumulativeReward.mean": {
            "value": 0.9892761394101877,
            "min": -0.15151515151515152,
            "max": 1.0,
            "count": 10
        },
        "Movement.Environment.CumulativeReward.sum": {
            "value": 369.0,
            "min": -5.0,
            "max": 369.0,
            "count": 10
        },
        "Movement.Policy.ExtrinsicReward.mean": {
            "value": 0.9892761394101877,
            "min": -0.15151515151515152,
            "max": 1.0,
            "count": 10
        },
        "Movement.Policy.ExtrinsicReward.sum": {
            "value": 369.0,
            "min": -5.0,
            "max": 369.0,
            "count": 10
        },
        "Movement.Policy.CuriosityReward.mean": {
            "value": 0.009335376302294692,
            "min": 0.009335376302294692,
            "max": 1.2329667776427937,
            "count": 10
        },
        "Movement.Policy.CuriosityReward.sum": {
            "value": 3.4820953607559204,
            "min": 3.4520077233901247,
            "max": 40.68790366221219,
            "count": 10
        },
        "Movement.Losses.PolicyLoss.mean": {
            "value": 0.23616942938126298,
            "min": 0.23616942938126298,
            "max": 0.2522847726686669,
            "count": 10
        },
        "Movement.Losses.PolicyLoss.sum": {
            "value": 10.627624322156834,
            "min": 3.8770627964237505,
            "max": 10.877032371352655,
            "count": 10
        },
        "Movement.Losses.ValueLoss.mean": {
            "value": 2065.068240165149,
            "min": 0.015175266799103325,
            "max": 3315.4785417600315,
            "count": 10
        },
        "Movement.Losses.ValueLoss.sum": {
            "value": 92928.0708074317,
            "min": 0.5100471840786687,
            "max": 145881.05583744138,
            "count": 10
        },
        "Movement.Policy.LearningRate.mean": {
            "value": 1.4689428436888888e-05,
            "min": 1.4689428436888888e-05,
            "max": 0.0002830522556492499,
            "count": 10
        },
        "Movement.Policy.LearningRate.sum": {
            "value": 0.00066102427966,
            "min": 0.00066102427966,
            "max": 0.009189870536709999,
            "count": 10
        },
        "Movement.Policy.Epsilon.mean": {
            "value": 0.10489644444444443,
            "min": 0.10489644444444443,
            "max": 0.19435075000000002,
            "count": 10
        },
        "Movement.Policy.Epsilon.sum": {
            "value": 4.720339999999999,
            "min": 3.1096120000000003,
            "max": 6.821054,
            "count": 10
        },
        "Movement.Policy.Beta.mean": {
            "value": 0.0005000000000000001,
            "min": 0.0005,
            "max": 0.0005000000000000001,
            "count": 10
        },
        "Movement.Policy.Beta.sum": {
            "value": 0.022500000000000006,
            "min": 0.008,
            "max": 0.022500000000000006,
            "count": 10
        },
        "Movement.Losses.CuriosityForwardLoss.mean": {
            "value": 0.036518866522470377,
            "min": 0.03180555639619079,
            "max": 0.1984329503371266,
            "count": 10
        },
        "Movement.Losses.CuriosityForwardLoss.sum": {
            "value": 1.643348993511167,
            "min": 1.3994444814323945,
            "max": 5.56892040044882,
            "count": 10
        },
        "Movement.Losses.CuriosityInverseLoss.mean": {
            "value": 0.026797046163575495,
            "min": 0.018987934044335072,
            "max": 1.1071045310166674,
            "count": 10
        },
        "Movement.Losses.CuriosityInverseLoss.sum": {
            "value": 1.2058670773608973,
            "min": 0.8354690979507432,
            "max": 17.71367249626668,
            "count": 10
        },
        "Movement.IsTraining.mean": {
            "value": 1.0,
            "min": 1.0,
            "max": 1.0,
            "count": 10
        },
        "Movement.IsTraining.sum": {
            "value": 1.0,
            "min": 1.0,
            "max": 1.0,
            "count": 10
        }
    },
    "metadata": {
        "timer_format_version": "0.1.0",
        "start_time_seconds": "1683309356",
        "python_version": "3.7.0 (v3.7.0:1bf9cc5093, Jun 27 2018, 04:59:51) [MSC v.1914 64 bit (AMD64)]",
        "command_line_arguments": "D:\\University\\Honours\\Testing\\MLAgents Testing2\\venv\\Scripts\\mlagents-learn config/Movement.yaml --run-id=NewTest",
        "mlagents_version": "0.28.0",
        "mlagents_envs_version": "0.28.0",
        "communication_protocol_version": "1.5.0",
        "pytorch_version": "1.7.1+cu110",
        "numpy_version": "1.21.6",
        "end_time_seconds": "1683309583"
    },
    "total": 226.2338476,
    "count": 1,
    "self": 0.0062032000000158405,
    "children": {
        "run_training.setup": {
            "total": 0.06073930000000005,
            "count": 1,
            "self": 0.06073930000000005
        },
        "TrainerController.start_learning": {
            "total": 226.16690509999998,
            "count": 1,
            "self": 0.06004509999962693,
            "children": {
                "TrainerController._reset_env": {
                    "total": 3.7485213999999996,
                    "count": 1,
                    "self": 3.7485213999999996
                },
                "TrainerController.advance": {
                    "total": 222.29831480000038,
                    "count": 3870,
                    "self": 0.05050910000173303,
                    "children": {
                        "env_step": {
                            "total": 23.708771300000187,
                            "count": 3870,
                            "self": 18.28831969999981,
                            "children": {
                                "SubprocessEnvManager._take_step": {
                                    "total": 5.389439200000224,