{
    "name": "root",
    "gauges": {
        "Movement.Policy.Entropy.mean": {
            "value": 1.3604027032852173,
            "min": 1.3604027032852173,
            "max": 1.4344196319580078,
            "count": 20
        },
        "Movement.Policy.Entropy.sum": {
            "value": 6938.0537109375,
            "min": 6503.43359375,
            "max": 7889.30810546875,
            "count": 20
        },
        "Movement.Step.mean": {
            "value": 99959.0,
            "min": 4973.0,
            "max": 99959.0,
            "count": 20
        },
        "Movement.Step.sum": {
            "value": 99959.0,
            "min": 4973.0,
            "max": 99959.0,
            "count": 20
        },
        "Movement.Policy.ExtrinsicValueEstimate.mean": {
            "value": -0.043763816356658936,
            "min": -0.35529011487960815,
            "max": 0.12143245339393616,
            "count": 20
        },
        "Movement.Policy.ExtrinsicValueEstimate.sum": {
            "value": -3.9387435913085938,
            "min": -31.620819091796875,
            "max": 10.321758270263672,
            "count": 20
        },
        "Movement.Policy.CuriosityValueEstimate.mean": {
            "value": 0.02155863679945469,
            "min": 0.02155863679945469,
            "max": 0.6476612687110901,
            "count": 20
        },
        "Movement.Policy.CuriosityValueEstimate.sum": {
            "value": 1.940277338027954,
            "min": 1.940277338027954,
            "max": 58.93717575073242,
            "count": 20
        },
        "Movement.Losses.PolicyLoss.mean": {
            "value": 0.24616787873610818,
            "min": 0.23587923166217642,
            "max": 0.2536677163121945,
            "count": 20
        },
        "Movement.Losses.PolicyLoss.sum": {
            "value": 8.615875755763787,
            "min": 5.327022042556084,
            "max": 9.512326092689975,
            "count": 20
        },
        "Movement.Losses.ValueLoss.mean": {
            "value": 0.0399582794975693,
            "min": 0.0016169624393782612,
            "max": 0.05808299414418558,
            "count": 20
        },
        "Movement.Losses.ValueLoss.sum": {
            "value": 1.3985397824149255,
            "min": 0.059827610256995664,
            "max": 2.1490707833348663,
            "count": 20
        },
        "Movement.Policy.LearningRate.mean": {
            "value": 7.532754631971428e-06,
            "min": 7.532754631971428e-06,
            "max": 0.00029049000317,
            "count": 20
        },
        "Movement.Policy.LearningRate.sum": {
            "value": 0.000263646412119,
            "min": 0.000263646412119,
            "max": 0.008926671424442999,
            "count": 20
        },
        "Movement.Policy.Epsilon.mean": {
            "value": 0.10251088571428572,
            "min": 0.10251088571428572,
            "max": 0.19683000000000003,
            "count": 20
        },
        "Movement.Policy.Epsilon.sum": {
            "value": 3.5878810000000003,
            "min": 3.5878810000000003,
            "max": 6.566587000000001,
            "count": 20
        },
        "Movement.Policy.Beta.mean": {
            "value": 0.0005,
            "min": 0.0005,
            "max": 0.0005000000000000001,
            "count": 20
        },
        "Movement.Policy.Beta.sum": {
            "value": 0.0175,
            "min": 0.010500000000000002,
            "max": 0.019500000000000003,
            "count": 20
        },
        "Movement.Losses.CuriosityForwardLoss.mean": {
            "value": 0.15199219363486138,
            "min": 0.03951841122840263,
            "max": 0.15544282459245695,
            "count": 20
        },
        "Movement.Losses.CuriosityForwardLoss.sum": {
            "value": 5.319726777220149,
            "min": 1.4621812154508975,
            "max": 5.906827334513364,
            "count": 20
        },
        "Movement.Losses.CuriosityInverseLoss.mean": {
            "value": 1.1135245825499183,
            "min": 0.9057013872287711,
            "max": 2.342784449270007,
            "count": 20
        },
        "Movement.Losses.CuriosityInverseLoss.sum": {
            "value": 38.97336038924714,
            "min": 32.906178442254244,
            "max": 66.1188430482193,
            "count": 20
        },
        "Movement.Environment.EpisodeLength.mean": {
            "value": 285.1333333333333,
            "min": 110.85714285714286,
            "max": 387.4,
            "count": 20
        },
        "Movement.Environment.EpisodeLength.sum": {
            "value": 4277.0,
            "min": 2328.0,
            "max": 7028.0,
            "count": 20
        },
        "Movement.Environment.CumulativeReward.mean": {
            "value": -0.10666666328907012,
            "min": -0.8380952378114065,
            "max": 0.46666667064030964,
            "count": 20
        },
        "Movement.Environment.CumulativeReward.sum": {
            "value": -1.599999949336052,
            "min": -17.599999994039536,
            "max": 7.000000059604645,
            "count": 20
        },
        "Movement.Policy.ExtrinsicReward.mean": {
            "value": -0.10666666328907012,
            "min": -0.8380952378114065,
            "max": 0.46666667064030964,
            "count": 20
        },
        "Movement.Policy.ExtrinsicReward.sum": {
            "value": -1.599999949336052,
            "min": -17.599999994039536,
            "max": 7.000000059604645,
            "count": 20
        },
        "Movement.Policy.CuriosityReward.mean": {
            "value": 1.3559173421313366,
            "min": 0.39803571138708366,
            "max": 1.7154948980237046,
            "count": 20
        },
        "Movement.Policy.CuriosityReward.sum": {
            "value": 20.338760131970048,
            "min": 7.7768462733365595,
            "max": 34.968382867984474,
            "count": 20
        },
        "Movement.IsTraining.mean": {
            "value": 1.0,
            "min": 1.0,
            "max": 1.0,
            "count": 20
        },
        "Movement.IsTraining.sum": {
            "value": 1.0,
            "min": 1.0,
            "max": 1.0,
            "count": 20
        }
    },
    "metadata": {
        "timer_format_version": "0.1.0",
        "start_time_seconds": "1683390803",
        "python_version": "3.7.0 (v3.7.0:1bf9cc5093, Jun 27 2018, 04:59:51) [MSC v.1914 64 bit (AMD64)]",
        "command_line_arguments": "D:\\University\\Honours\\Testing\\MLAgents Testing2\\venv\\Scripts\\mlagents-learn config/Movement.yaml --initialize-from=ConMovement1 --run-id=ConMovement_Walls1",
        "mlagents_version": "0.28.0",
        "mlagents_envs_version": "0.28.0",
        "communication_protocol_version": "1.5.0",
        "pytorch_version": "1.7.1+cu110",
        "numpy_version": "1.21.6",
        "end_time_seconds": "1683391189"
    },
    "total": 385.45451529999997,
    "count": 1,
    "self": 0.0054466999999363,
    "children": {
        "run_training.setup": {
            "total": 0.06486639999999999,
            "count": 1,
            "self": 0.06486639999999999
        },
        "TrainerController.start_learning": {
            "total": 385.3842022,
            "count": 1,
            "self": 0.0773207999993133,
            "children": {
                "TrainerController._reset_env": {
                    "total": 15.3634804,
                    "count": 1,
                    "self": 15.3634804
                },
                "TrainerController.advance": {
                    "total": 369.88772290000065,
                    "count": 5279,
                    "self": 0.0701304000006644,
                    "children": {
                        "env_step": {
                            "total": 37.21343440000062,
                            "count": 5279,
                            "self": 30.964289299999297,