{"count":1,"self":13.5430192,"total":536.7605119,"children":{"InitializeActuators":{"count":40,"self":0.00099209999999999988,"total":0.00099209999999999988,"children":null},"InitializeSensors":{"count":40,"self":0.0029662,"total":0.0029662,"children":null},"AgentSendState":{"count":25101,"self":3.7512756,"total":5.8887979,"children":{"CollectObservations":{"count":100420,"self":0.0693717,"total":0.0693717,"children":null},"WriteActionMask":{"count":100420,"self":0.0538475,"total":0.0538475,"children":null},"RequestDecision":{"count":100420,"self":0.167135,"total":2.0143032,"children":{"AgentInfo.ToProto":{"count":100420,"self":0.1572866,"total":1.8471681999999998,"children":{"GenerateSensorData":{"count":100420,"self":1.396629,"total":1.6898815999999999,"children":{"RayPerceptionSensor.Perceive":{"count":200840,"self":0.2932526,"total":0.2932526,"children":null}}}}}}}}},"DecideAction":{"count":25101,"self":514.2574592,"total":514.2574597,"children":null},"AgentAct":{"count":25101,"self":2.9987632,"total":3.0368936,"children":{"AgentInfo.ToProto":{"count":949,"self":0.0019863,"total":0.0381303,"children":{"GenerateSensorData":{"count":949,"self":0.035151499999999995,"total":0.036143999999999996,"children":{"RayPerceptionSensor.Perceive":{"count":1898,"self":0.0009925,"total":0.0009925,"children":null}}}}}}},"AgentInfo.ToProto":{"count":1371,"self":0.0049641999999999993,"total":0.0293864,"children":{"GenerateSensorData":{"count":1371,"self":0.0179483,"total":0.024422199999999998,"children":{"RayPerceptionSensor.Perceive":{"count":2742,"self":0.0064738999999999994,"total":0.0064738999999999994,"children":null}}}}}},"gauges":{"Shooting.CumulativeReward":{"count":2320,"max":1,"min":-4.6164217,"runningAverage":-0.776934445,"value":0.9986,"weightedAverage":-0.821457863}},"metadata":{"timer_format_version":"0.1.0","start_time_seconds":"1683534029","unity_version":"2020.3.26f1","command_line_arguments":"C:\\Users\\Admin\\Desktop\\Unity\\2020.3.26f1\\Editor\\Unity.exe -projectpath D:\/University\/Honours\/Program\/Honours-Project\/Honours Project -useHub -hubIPC -cloudEnvironment production -hubSessionId ee781d50-ed71-11ed-b4a5-b93a495a2eda","communication_protocol_version":"1.5.0","com.unity.ml-agents_version":"2.2.1-exp.1","scene_name":"Shooting Perception Environment","end_time_seconds":"1683534566"}}