{"count":1,"self":12.1466304,"total":12.3680492,"children":{"InitializeActuators":{"count":2,"self":0.00099739999999999985,"total":0.00099739999999999985,"children":null},"InitializeSensors":{"count":2,"self":0.0019947999999999997,"total":0.0019947999999999997,"children":null},"AgentSendState":{"count":394,"self":0.0099662999999999991,"total":0.0209327,"children":{"CollectObservations":{"count":79,"self":0.0009973,"total":0.0009973,"children":null},"WriteActionMask":{"count":79,"self":0,"total":0,"children":null},"RequestDecision":{"count":79,"self":0.0099691,"total":0.0099691,"children":null}}},"DecideAction":{"count":394,"self":0.16456469999999998,"total":0.18453239999999999,"children":{"RayPerceptionSensor.Perceive":{"count":158,"self":0.019967699999999998,"total":0.019967699999999998,"children":null}}},"AgentAct":{"count":394,"self":0.011964299999999999,"total":0.011964299999999999,"children":null}},"gauges":{"Shooting.CumulativeReward":{"count":4,"max":0.999,"min":0.568999648,"runningAverage":0.834249854,"value":0.568999648,"weightedAverage":0.848984241}},"metadata":{"timer_format_version":"0.1.0","start_time_seconds":"1683577297","unity_version":"2020.3.26f1","command_line_arguments":"C:\\Users\\Admin\\Desktop\\Unity\\2020.3.26f1\\Editor\\Unity.exe -projectpath D:\/University\/Honours\/Program\/Honours-Project\/Honours Project -useHub -hubIPC -cloudEnvironment production -hubSessionId 59a59540-ed94-11ed-be3c-3be1415b5568","communication_protocol_version":"1.5.0","com.unity.ml-agents_version":"2.2.1-exp.1","scene_name":"Shooting Perception Environment","end_time_seconds":"1683577309"}}