{"count":1,"self":107.829184,"total":109.45944689999999,"children":{"InitializeActuators":{"count":2,"self":0.00099899999999999989,"total":0.00099899999999999989,"children":null},"InitializeSensors":{"count":2,"self":0.00099739999999999985,"total":0.00099739999999999985,"children":null},"AgentSendState":{"count":5247,"self":0.062377699999999994,"total":0.0743378,"children":{"CollectObservations":{"count":1050,"self":0,"total":0,"children":null},"WriteActionMask":{"count":1050,"self":0.0009972,"total":0.0009972,"children":null},"RequestDecision":{"count":1050,"self":0.0109629,"total":0.0109629,"children":null}}},"DecideAction":{"count":5247,"self":0.6695161,"total":1.4903628,"children":{"RayPerceptionSensor.Perceive":{"count":1050,"self":0.82084669999999993,"total":0.82084669999999993,"children":null}}},"AgentAct":{"count":5247,"self":0.062572099999999992,"total":0.062572099999999992,"children":null}},"gauges":{"Movement.CumulativeReward":{"count":3,"max":1.75350285,"min":-0.499495536,"runningAverage":0.9600043,"value":-0.499495536,"weightedAverage":1.118536}},"metadata":{"timer_format_version":"0.1.0","start_time_seconds":"1683645809","unity_version":"2020.3.26f1","command_line_arguments":"C:\\Users\\Admin\\Desktop\\Unity\\2020.3.26f1\\Editor\\Unity.exe -projectpath D:\/University\/Honours\/Program\/Honours-Project\/Honours Project -useHub -hubIPC -cloudEnvironment production -hubSessionId 60d03260-ee68-11ed-95b1-7149af063ba9","communication_protocol_version":"1.5.0","com.unity.ml-agents_version":"2.2.1-exp.1","scene_name":"Walls Move Perception Scene 1","end_time_seconds":"1683645919"}}