{
    "name": "root",
    "gauges": {
        "MoveWithSensor.Policy.Entropy.mean": {
            "value": 1.2308498620986938,
            "min": 1.2298369407653809,
            "max": 1.2694447040557861,
            "count": 10
        },
        "MoveWithSensor.Policy.Entropy.sum": {
            "value": 12406.966796875,
            "min": 12195.2626953125,
            "max": 13320.328125,
            "count": 10
        },
        "MoveWithSensor.Environment.EpisodeLength.mean": {
            "value": 293.8,
            "min": 73.91269841269842,
            "max": 293.8,
            "count": 10
        },
        "MoveWithSensor.Environment.EpisodeLength.sum": {
            "value": 8814.0,
            "min": 8814.0,
            "max": 10459.0,
            "count": 10
        },
        "MoveWithSensor.Step.mean": {
            "value": 99981.0,
            "min": 9951.0,
            "max": 99981.0,
            "count": 10
        },
        "MoveWithSensor.Step.sum": {
            "value": 99981.0,
            "min": 9951.0,
            "max": 99981.0,
            "count": 10
        },
        "MoveWithSensor.Policy.ExtrinsicValueEstimate.mean": {
            "value": -0.01676214672625065,
            "min": -0.7252022624015808,
            "max": -0.01676214672625065,
            "count": 10
        },
        "MoveWithSensor.Policy.ExtrinsicValueEstimate.sum": {
            "value": -2.8998513221740723,
            "min": -158.8192901611328,
            "max": -2.8998513221740723,
            "count": 10
        },
        "MoveWithSensor.Policy.CuriosityValueEstimate.mean": {
            "value": 0.321929931640625,
            "min": 0.321929931640625,
            "max": 1.0694059133529663,
            "count": 10
        },
        "MoveWithSensor.Policy.CuriosityValueEstimate.sum": {
            "value": 55.693878173828125,
            "min": 55.693878173828125,
            "max": 229.92227172851562,
            "count": 10
        },
        "MoveWithSensor.Environment.CumulativeReward.mean": {
            "value": 0.0066666672627131145,
            "min": -0.9911111111994143,
            "max": 0.0066666672627131145,
            "count": 10
        },
        "MoveWithSensor.Environment.CumulativeReward.sum": {
            "value": 0.20000001788139343,
            "min": -133.80000001192093,
            "max": 0.20000001788139343,
            "count": 10
        },
        "MoveWithSensor.Policy.ExtrinsicReward.mean": {
            "value": 0.0066666672627131145,
            "min": -0.9911111111994143,
            "max": 0.0066666672627131145,
            "count": 10
        },
        "MoveWithSensor.Policy.ExtrinsicReward.sum": {
            "value": 0.20000001788139343,
            "min": -133.80000001192093,
            "max": 0.20000001788139343,
            "count": 10
        },
        "MoveWithSensor.Policy.CuriosityReward.mean": {
            "value": 0.7505463853944093,
            "min": 0.512302034444831,
            "max": 0.8450021436290135,
            "count": 10
        },
        "MoveWithSensor.Policy.CuriosityReward.sum": {
            "value": 22.51639156183228,
            "min": 22.51639156183228,
            "max": 106.4702700972557,
            "count": 10
        },
        "MoveWithSensor.Losses.PolicyLoss.mean": {
            "value": 0.24424723947903326,
            "min": 0.24099373790867432,
            "max": 0.25052072467236625,
            "count": 10
        },
        "MoveWithSensor.Losses.PolicyLoss.sum": {
            "value": 17.830048481969428,
            "min": 17.195053623835943,
            "max": 19.195147334464473,
            "count": 10
        },
        "MoveWithSensor.Losses.ValueLoss.mean": {
            "value": 0.011001480478427817,
            "min": 0.00810977969846611,
            "max": 0.026411118218857214,
            "count": 10
        },
        "MoveWithSensor.Losses.ValueLoss.sum": {
            "value": 0.8031080749252306,
            "min": 0.6082334773849583,
            "max": 1.848778275320005,
            "count": 10
        },
        "MoveWithSensor.Policy.LearningRate.mean": {
            "value": 1.5150464812890411e-05,
            "min": 1.5150464812890411e-05,
            "max": 0.0002838833625150714,
            "count": 10
        },
        "MoveWithSensor.Policy.LearningRate.sum": {
            "value": 0.001105983931341,
            "min": 0.001105983931341,
            "max": 0.019871835376055,
            "count": 10
        },
        "MoveWithSensor.Policy.Epsilon.mean": {
            "value": 0.10505012328767123,
            "min": 0.10505012328767123,
            "max": 0.19462778571428574,
            "count": 10
        },
        "MoveWithSensor.Policy.Epsilon.sum": {
            "value": 7.668659,
            "min": 7.668659,
            "max": 14.251961000000003,
            "count": 10
        },
        "MoveWithSensor.Policy.Beta.mean": {
            "value": 0.0005,
            "min": 0.0005,
            "max": 0.0005000000000000001,
            "count": 10
        },
        "MoveWithSensor.Policy.Beta.sum": {
            "value": 0.036500000000000005,
            "min": 0.035,
            "max": 0.03950000000000001,
            "count": 10
        },
        "MoveWithSensor.Losses.CuriosityForwardLoss.mean": {
            "value": 0.0911514404077323,
            "min": 0.0911514404077323,
            "max": 0.5168270086505335,
            "count": 10
        },
        "MoveWithSensor.Losses.CuriosityForwardLoss.sum": {
            "value": 6.654055149764458,
            "min": 6.654055149764458,
            "max": 36.17789060553735,
            "count": 10
        },
        "MoveWithSensor.Losses.CuriosityInverseLoss.mean": {
            "value": 0.9151757277322151,
            "min": 0.8539903650470932,
            "max": 2.0874956836995806,
            "count": 10
        },
        "MoveWithSensor.Losses.CuriosityInverseLoss.sum": {
            "value": 66.8078281244517,
            "min": 63.7589945434136,
            "max": 146.12469785897065,
            "count": 10
        },
        "MoveWithSensor.IsTraining.mean": {
            "value": 1.0,
            "min": 1.0,
            "max": 1.0,
            "count": 10
        },
        "MoveWithSensor.IsTraining.sum": {
            "value": 1.0,
            "min": 1.0,
            "max": 1.0,
            "count": 10
        }
    },
    "metadata": {
        "timer_format_version": "0.1.0",
        "start_time_seconds": "1682087112",
        "python_version": "3.7.0 (v3.7.0:1bf9cc5093, Jun 27 2018, 04:59:51) [MSC v.1914 64 bit (AMD64)]",
        "command_line_arguments": "D:\\University\\Honours\\Testing\\MLAgents Testing2\\venv\\Scripts\\mlagents-learn config/moveWithSensor.yaml --initialize-from=ConMovement1 --run-id=ConMovement_Walls1",
        "mlagents_version": "0.28.0",
        "mlagents_envs_version": "0.28.0",
        "communication_protocol_version": "1.5.0",
        "pytorch_version": "1.7.1+cu110",
        "numpy_version": "1.21.6",
        "end_time_seconds": "1682087498"
    },
    "total": 386.347374,
    "count": 1,
    "self": 0.0073649999999929605,
    "children": {
        "run_training.setup": {
            "total": 0.06454860000000007,
            "count": 1,
            "self": 0.06454860000000007
        },
        "TrainerController.start_learning": {
            "total": 386.2754604,
            "count": 1,
            "self": 0.08452760000142234,
            "children": {
                "TrainerController._reset_env": {
                    "total": 9.1713349,
                    "count": 1,
                    "self": 9.1713349
                },
                "TrainerController.advance": {
                    "total": 376.9612555999986,
                    "count": 5717,
                    "self": 0.07446829999878446,
                    "children": {
                        "env_step": {
                            "total": 45.734606600000696,