{
    "name": "root",
    "gauges": {
        "Shooting.Policy.Entropy.mean": {
            "value": 3.387726306915283,
            "min": 2.445356607437134,
            "max": 3.455540180206299,
            "count": 10
        },
        "Shooting.Policy.Entropy.sum": {
            "value": 34080.52734375,
            "min": 24306.84375,
            "max": 34555.40234375,
            "count": 10
        },
        "Shooting.Environment.EpisodeLength.mean": {
            "value": 194.38297872340425,
            "min": 27.971014492753625,
            "max": 194.38297872340425,
            "count": 10
        },
        "Shooting.Environment.EpisodeLength.sum": {
            "value": 9136.0,
            "min": 8290.0,
            "max": 10716.0,
            "count": 10
        },
        "Shooting.Step.mean": {
            "value": 99959.0,
            "min": 9997.0,
            "max": 99959.0,
            "count": 10
        },
        "Shooting.Step.sum": {
            "value": 99959.0,
            "min": 9997.0,
            "max": 99959.0,
            "count": 10
        },
        "Shooting.Policy.ExtrinsicValueEstimate.mean": {
            "value": -0.5071858167648315,
            "min": -1.1455917358398438,
            "max": -0.5071858167648315,
            "count": 10
        },
        "Shooting.Policy.ExtrinsicValueEstimate.sum": {
            "value": -89.77188873291016,
            "min": -381.66680908203125,
            "max": -89.77188873291016,
            "count": 10
        },
        "Shooting.Policy.CuriosityValueEstimate.mean": {
            "value": 1.3956091403961182,
            "min": 0.3217037618160248,
            "max": 1.8462235927581787,
            "count": 10
        },
        "Shooting.Policy.CuriosityValueEstimate.sum": {
            "value": 247.0228271484375,
            "min": 95.22431182861328,
            "max": 419.0927429199219,
            "count": 10
        },
        "Shooting.Environment.CumulativeReward.mean": {
            "value": -1.345833341901501,
            "min": -2.4174497103531087,
            "max": -1.0169491543944946,
            "count": 10
        },
        "Shooting.Environment.CumulativeReward.sum": {
            "value": -64.60000041127205,
            "min": -549.0000009536743,
            "max": -64.60000041127205,
            "count": 10
        },
        "Shooting.Policy.ExtrinsicReward.mean": {
            "value": -1.345833341901501,
            "min": -2.4174497103531087,
            "max": -1.0169491543944946,
            "count": 10
        },
        "Shooting.Policy.ExtrinsicReward.sum": {
            "value": -64.60000041127205,
            "min": -549.0000009536743,
            "max": -64.60000041127205,
            "count": 10
        },
        "Shooting.Policy.CuriosityReward.mean": {
            "value": 2.5813133027404547,
            "min": 0.11274991549051754,
            "max": 2.5813133027404547,
            "count": 10
        },
        "Shooting.Policy.CuriosityReward.sum": {
            "value": 123.90303853154182,
            "min": 36.98197228088975,
            "max": 201.06520070880651,
            "count": 10
        },
        "Shooting.Losses.PolicyLoss.mean": {
            "value": 0.23719684143949793,
            "min": 0.23719684143949793,
            "max": 0.24818246574956646,
            "count": 10
        },
        "Shooting.Losses.PolicyLoss.sum": {
            "value": 18.26415679084134,
            "min": 14.4927914383241,
            "max": 20.19773489601674,
            "count": 10
        },
        "Shooting.Losses.ValueLoss.mean": {
            "value": 0.03997705547255606,
            "min": 0.0012153434551968388,
            "max": 0.5684477973379182,
            "count": 10
        },
        "Shooting.Losses.ValueLoss.sum": {
            "value": 3.0782332713868166,
            "min": 0.10208885023653447,
            "max": 45.475823787033455,
            "count": 10
        },
        "Shooting.Policy.LearningRate.mean": {
            "value": 1.532183515249351e-05,
            "min": 1.532183515249351e-05,
            "max": 0.0002815965799049672,
            "count": 10
        },
        "Shooting.Policy.LearningRate.sum": {
            "value": 0.001179781306742,
            "min": 0.001179781306742,
            "max": 0.021422452259182996,
            "count": 10
        },
        "Shooting.Policy.Epsilon.mean": {
            "value": 0.10510724675324673,
            "min": 0.10510724675324673,
            "max": 0.19386552459016396,
            "count": 10
        },
        "Shooting.Policy.Epsilon.sum": {
            "value": 8.093257999999999,
            "min": 8.093257999999999,
            "max": 15.540816999999999,
            "count": 10
        },
        "Shooting.Policy.Beta.mean": {
            "value": 0.0005000000000000001,
            "min": 0.0005000000000000001,
            "max": 0.0005000000000000001,
            "count": 10
        },
        "Shooting.Policy.Beta.sum": {
            "value": 0.038500000000000006,
            "min": 0.030500000000000006,
            "max": 0.04200000000000001,
            "count": 10
        },
        "Shooting.Losses.CuriosityForwardLoss.mean": {
            "value": 0.2005141751561335,
            "min": 0.06876486308347428,
            "max": 0.42753201870803115,
            "count": 10
        },
        "Shooting.Losses.CuriosityForwardLoss.sum": {
            "value": 15.43959148702228,
            "min": 5.707483635928365,
            "max": 32.919965440518396,
            "count": 10
        },
        "Shooting.Losses.CuriosityInverseLoss.mean": {
            "value": 1.8697570801869106,
            "min": 1.3506955462657642,
            "max": 2.526846455265978,
            "count": 10
        },
        "Shooting.Losses.CuriosityInverseLoss.sum": {
            "value": 143.9712951743921,
            "min": 105.35425260872961,
            "max": 172.39740414363803,
            "count": 10
        },
        "Shooting.IsTraining.mean": {
            "value": 1.0,
            "min": 1.0,
            "max": 1.0,
            "count": 10
        },
        "Shooting.IsTraining.sum": {
            "value": 1.0,
            "min": 1.0,
            "max": 1.0,
            "count": 10
        }
    },
    "metadata": {
        "timer_format_version": "0.1.0",
        "start_time_seconds": "1683030606",
        "python_version": "3.7.0 (v3.7.0:1bf9cc5093, Jun 27 2018, 04:59:51) [MSC v.1914 64 bit (AMD64)]",
        "command_line_arguments": "D:\\University\\Honours\\Testing\\MLAgents Testing2\\venv\\Scripts\\mlagents-learn config/Shooting.yaml --initialize-from=KbmShoot_Start --run-id=KbmShootRandPos_1",
        "mlagents_version": "0.28.0",
        "mlagents_envs_version": "0.28.0",
        "communication_protocol_version": "1.5.0",
        "pytorch_version": "1.7.1+cu110",
        "numpy_version": "1.21.6",
        "end_time_seconds": "1683031142"
    },
    "total": 536.1924828,
    "count": 1,
    "self": 0.009725900000034926,
    "children": {
        "run_training.setup": {
            "total": 0.10902909999999988,
            "count": 1,
            "self": 0.10902909999999988
        },
        "TrainerController.start_learning": {
            "total": 536.0737277999999,
            "count": 1,
            "self": 0.09280080000269209,
            "children": {
                "TrainerController._reset_env": {
                    "total": 9.0154627,
                    "count": 1,
                    "self": 9.0154627
                },
                "TrainerController.advance": {
                    "total": 526.8305577999971,
                    "count": 6321,
                    "self": 0.08617379999805053,
                    "children": {
                        "env_step": {
                            "total": 69.66431489999913,
                            "count": 6321,
                            "self": 54.130740399996185,